employee_id,name,department,salary,age,years_experience,performance_score,city,hire_date,remote_work,salary_band,tenure_years
EMP0311,Employee_311,Marketing,91522.66044484236,49.0,9.0,4.0,Chicago,2012-07-19,No,Senior,13.463013698630137
EMP0391,Employee_391,,70457.25648350263,51.0,19.0,5.0,New York,2013-03-16,No,Mid,12.805479452054794
EMP0007,Employee_7,Engineering,58595.335859587154,62.0,3.0,2.0,Austin,2010-01-19,Yes,Entry,15.961643835616439
EMP0185,Employee_185,Sales,85368.36758379103,38.0,13.0,3.0,Seattle,2011-07-07,No,Mid,14.498630136986302
EMP0079,Employee_79,Sales,82753.4390061834,34.0,1.0,2.0,Seattle,2010-08-23,No,Mid,15.36986301369863
EMP0408,Employee_408,Engineering,59465.02848359381,36.0,14.0,2.0,,2013-05-06,Yes,Entry,12.665753424657535
EMP0099,Employee_99,Engineering,69872.98509431393,62.0,14.0,3.0,,2010-10-22,Unknown,Mid,15.205479452054794
EMP0488,Employee_488,Sales,,,14.0,3.0,Boston,2014-01-01,Yes,,12.008219178082191
EMP0118,Employee_118,Engineering,96259.3847338114,31.0,15.0,4.0,Chicago,2010-12-18,Yes,Senior,15.04931506849315
EMP0138,Employee_138,Finance,96411.9733718632,47.0,3.0,4.0,San Francisco,2011-02-16,Yes,Senior,14.884931506849314
EMP0011,Employee_11,Engineering,50737.30941818245,30.0,15.0,4.0,Boston,2010-01-31,Yes,Entry,15.92876712328767
EMP0462,Employee_462,HR,,,16.0,4.0,Boston,2013-10-15,Yes,,12.221917808219178
EMP0076,Employee_76,Finance,85705.27103943458,57.0,,2.0,Boston,2010-08-14,Unknown,Mid,15.394520547945206
EMP0440,Employee_440,Engineering,114067.68954235404,37.0,5.0,5.0,San Francisco,2013-08-10,Yes,Senior,12.402739726027397
EMP0480,Employee_480,Marketing,,,4.0,1.0,Chicago,2013-12-08,Yes,,12.073972602739726
EMP0141,Employee_141,,52449.151242336746,50.0,11.0,5.0,,2011-02-25,Yes,Entry,14.860273972602739
EMP0003,Employee_3,Finance,104008.476763721,35.0,16.0,4.0,Seattle,2010-01-07,No,Senior,15.994520547945205
EMP0156,Employee_156,Sales,62405.86290684764,43.0,3.0,1.0,,2011-04-11,Unknown,Mid,14.736986301369862
EMP0377,Employee_377,Operations,136201.69076537588,61.0,8.0,5.0,Austin,2013-02-02,Yes,Executive,12.92054794520548
EMP0132,Employee_132,Sales,65448.89510402898,54.0,6.0,3.0,New York,2011-01-29,Unknown,Mid,14.934246575342465
EMP0072,Employee_72,Engineering,64295.15355161252,51.0,7.0,1.0,Austin,2010-08-02,Yes,Mid,15.427397260273972
EMP0281,Employee_281,Operations,79900.45565158289,37.0,3.0,4.0,Austin,2012-04-20,Unknown,Mid,13.70958904109589
EMP0292,Employee_292,Engineering,120045.40886847246,33.0,2.0,5.0,Boston,2012-05-23,Yes,Executive,13.61917808219178
EMP0282,Employee_282,Sales,115079.85977165378,25.0,0.0,4.0,,2012-04-23,Unknown,Senior,13.7013698630137
EMP0334,Employee_334,Engineering,83861.08752557865,23.0,13.0,3.0,Chicago,2012-09-26,No,Mid,13.273972602739725
EMP0288,Employee_288,Marketing,77571.18268008417,63.0,1.0,2.0,Boston,2012-05-11,No,Mid,13.652054794520549
EMP0251,Employee_251,Sales,101463.41167923828,34.0,11.0,4.0,Austin,2012-01-21,Yes,Senior,13.956164383561644
EMP0465,Employee_465,,,,12.0,1.0,Austin,2013-10-24,Yes,,12.197260273972603
EMP0437,Employee_437,Engineering,130977.962472385,59.0,2.0,5.0,Chicago,2013-08-01,Unknown,Executive,12.427397260273972
EMP0064,Employee_64,Sales,63815.72956222096,26.0,13.0,3.0,Seattle,2010-07-09,Yes,Mid,15.493150684931507
EMP0253,Employee_253,Operations,59200.78200517893,43.0,15.0,3.0,Chicago,2012-01-27,No,Entry,13.93972602739726
EMP0056,Employee_56,Operations,84346.10503811814,34.0,16.0,5.0,Boston,2010-06-15,Yes,Mid,15.558904109589042
EMP0375,Employee_375,Engineering,73487.24347524453,26.0,2.0,4.0,San Francisco,2013-01-27,Unknown,Mid,12.936986301369863
EMP0339,Employee_339,Marketing,88417.30876255884,60.0,19.0,5.0,Chicago,2012-10-11,No,Mid,13.232876712328768
EMP0031,Employee_31,HR,116023.03951045046,27.0,1.0,3.0,Chicago,2010-04-01,Yes,Senior,15.764383561643836
EMP0074,Employee_74,Operations,61042.44214822303,52.0,1.0,4.0,Seattle,2010-08-08,Unknown,Mid,15.41095890410959
EMP0333,Employee_333,Engineering,77727.75575572289,57.0,3.0,3.0,San Francisco,2012-09-23,No,Mid,13.282191780821918
EMP0069,Employee_69,Engineering,74394.84763255119,31.0,8.0,4.0,New York,2010-07-24,Yes,Mid,15.452054794520548
EMP0010,Employee_10,Finance,75616.4869579059,50.0,18.0,4.0,Boston,2010-01-28,Unknown,Mid,15.936986301369863
EMP0080,Employee_80,Engineering,80580.60800933554,50.0,15.0,4.0,Austin,2010-08-26,Yes,Mid,15.361643835616439
EMP0102,Employee_102,HR,63369.0399277121,49.0,18.0,5.0,New York,2010-10-31,No,Mid,15.180821917808219
EMP0105,Employee_105,Operations,84840.54717366766,58.0,,3.0,Boston,2010-11-09,No,Mid,15.156164383561643
EMP0278,Employee_278,HR,74131.5045773247,28.0,19.0,2.0,Boston,2012-04-11,Unknown,Mid,13.734246575342466
EMP0133,Employee_133,Engineering,86986.64610858452,27.0,16.0,2.0,Seattle,2011-02-01,Unknown,Mid,14.926027397260274
EMP0439,Employee_439,Finance,76089.94957198456,44.0,19.0,5.0,San Francisco,2013-08-07,No,Mid,12.41095890410959
EMP0326,Employee_326,Finance,83065.73776259215,49.0,17.0,5.0,Austin,2012-09-02,Yes,Mid,13.33972602739726
EMP0073,Employee_73,Engineering,73927.01389305636,60.0,15.0,3.0,Chicago,2010-08-05,No,Mid,15.419178082191781
EMP0229,Employee_229,Operations,133915.0395923365,45.0,17.0,2.0,Boston,2011-11-16,Yes,Executive,14.136986301369863
EMP0358,Employee_358,HR,85521.82100421668,58.0,17.0,2.0,,2012-12-07,No,Mid,13.076712328767123
EMP0078,Employee_78,Engineering,89279.59821468443,35.0,4.0,5.0,Boston,2010-08-20,Yes,Mid,15.378082191780821
EMP0286,Employee_286,Engineering,43532.19535183701,24.0,8.0,5.0,Austin,2012-05-05,No,Entry,13.668493150684931
EMP0091,Employee_91,Engineering,96531.13926111531,55.0,11.0,2.0,Boston,2010-09-28,Yes,Senior,15.271232876712329
EMP0433,Employee_433,HR,86645.67978550849,60.0,19.0,5.0,San Francisco,2013-07-20,Yes,Mid,12.46027397260274
EMP0144,Employee_144,Sales,66913.66749791183,56.0,14.0,4.0,New York,2011-03-06,Unknown,Mid,14.835616438356164
EMP0219,Employee_219,HR,93268.698064474,59.0,3.0,,New York,2011-10-17,Yes,Senior,14.219178082191782
EMP0211,Employee_211,Marketing,79602.50129413257,34.0,3.0,3.0,New York,2011-09-23,No,Mid,14.284931506849315
EMP0125,Employee_125,Sales,90409.13651559678,33.0,3.0,1.0,,2011-01-08,Yes,Senior,14.991780821917809
EMP0181,Employee_181,Sales,44237.50929644292,37.0,6.0,4.0,Chicago,2011-06-25,No,Entry,14.531506849315068
EMP0463,Employee_463,Finance,,,14.0,3.0,Boston,2013-10-18,No,,12.213698630136987
EMP0350,Employee_350,HR,94451.94964826088,29.0,3.0,3.0,New York,2012-11-13,Unknown,Senior,13.142465753424657
EMP0337,Employee_337,Operations,58036.291557885736,57.0,15.0,2.0,,2012-10-05,No,Entry,13.24931506849315
EMP0235,Employee_235,Engineering,69190.51089109376,37.0,11.0,2.0,Austin,2011-12-04,No,Mid,14.087671232876712
EMP0319,Employee_319,Engineering,53867.41652952193,51.0,8.0,3.0,New York,2012-08-12,Unknown,Entry,13.397260273972602
EMP0381,Employee_381,Engineering,84300.23019006077,52.0,15.0,3.0,,2013-02-14,Yes,Mid,12.887671232876713
EMP0071,Employee_71,Finance,82859.39280090884,64.0,,3.0,Chicago,2010-07-30,Yes,Mid,15.435616438356165
EMP0399,Employee_399,Finance,96195.8089586208,22.0,2.0,,Boston,2013-04-09,No,Senior,12.73972602739726
EMP0149,Employee_149,Engineering,71963.27784395682,50.0,14.0,3.0,Boston,2011-03-21,Yes,Mid,14.794520547945206
EMP0085,Employee_85,Sales,79498.96605696713,34.0,14.0,4.0,Seattle,2010-09-10,Yes,Mid,15.32054794520548
EMP0362,Employee_362,HR,69892.34135293355,35.0,18.0,3.0,,2012-12-19,Yes,Mid,13.043835616438356
EMP0090,Employee_90,Marketing,80019.27920887244,52.0,17.0,4.0,,2010-09-25,Yes,Mid,15.27945205479452
EMP0246,Employee_246,Operations,115591.00638921229,54.0,12.0,1.0,Boston,2012-01-06,Yes,Senior,13.997260273972604
EMP0178,Employee_178,Sales,78479.52935664318,33.0,4.0,4.0,Austin,2011-06-16,Yes,Mid,14.556164383561644
EMP0034,Employee_34,Operations,86350.36962820218,49.0,3.0,5.0,San Francisco,2010-04-10,Yes,Mid,15.73972602739726
EMP0077,Employee_77,Finance,71005.4898401483,23.0,11.0,3.0,San Francisco,2010-08-17,Yes,Mid,15.386301369863014
EMP0083,Employee_83,Sales,74389.97704778945,23.0,11.0,2.0,New York,2010-09-04,Yes,Mid,15.336986301369864
EMP0001,Employee_1,Sales,91835.1195155432,30.0,14.0,,Boston,2010-01-01,Unknown,Senior,16.01095890410959
EMP0012,Employee_12,,112077.44748330826,24.0,13.0,1.0,Chicago,2010-02-03,Unknown,Senior,15.92054794520548
EMP0248,Employee_248,,76462.3786010516,34.0,15.0,5.0,Austin,2012-01-12,No,Mid,13.98082191780822
EMP0023,Employee_23,Sales,87405.91263423797,55.0,15.0,3.0,Seattle,2010-03-08,Yes,Mid,15.830136986301369
EMP0254,Employee_254,Sales,59098.42455872768,60.0,11.0,2.0,,2012-01-30,No,Entry,13.931506849315069
EMP0427,Employee_427,Marketing,113939.55768707466,41.0,10.0,1.0,Austin,2013-07-02,No,Senior,12.509589041095891
EMP0226,Employee_226,Sales,83888.3065817909,29.0,7.0,5.0,New York,2011-11-07,Yes,Mid,14.161643835616438
EMP0159,Employee_159,Sales,35567.109997454216,24.0,3.0,3.0,Seattle,2011-04-20,Unknown,Entry,14.712328767123287
EMP0453,Employee_453,Marketing,,47.0,0.0,4.0,Seattle,2013-09-18,Yes,,12.295890410958904
EMP0019,Employee_19,Marketing,75998.69057041513,61.0,5.0,4.0,San Francisco,2010-02-24,Unknown,Mid,15.863013698630137
EMP0183,Employee_183,Operations,47584.16157948288,29.0,9.0,1.0,Austin,2011-07-01,Yes,Entry,14.515068493150684
EMP0336,Employee_336,Engineering,50796.63214686749,55.0,13.0,3.0,,2012-10-02,Yes,Entry,13.257534246575343
EMP0016,Employee_16,Engineering,73012.49954092455,63.0,8.0,,San Francisco,2010-02-15,No,Mid,15.887671232876713
EMP0387,Employee_387,Sales,97648.15478111042,31.0,7.0,2.0,,2013-03-04,No,Senior,12.838356164383562
EMP0040,Employee_40,Marketing,112372.63115064698,50.0,12.0,5.0,San Francisco,2010-04-28,No,Senior,15.69041095890411
EMP0486,Employee_486,Operations,,,10.0,5.0,Seattle,2013-12-26,Unknown,,12.024657534246575
EMP0047,Employee_47,Sales,79611.86331110884,54.0,,4.0,New York,2010-05-19,Unknown,Mid,15.632876712328768
EMP0094,Employee_94,HR,107391.49822869152,27.0,,3.0,Boston,2010-10-07,Unknown,Senior,15.246575342465754
EMP0168,Employee_168,Engineering,90088.41686602426,40.0,4.0,3.0,Seattle,2011-05-17,Unknown,Senior,14.638356164383561
EMP0210,Employee_210,Engineering,74799.67202290506,32.0,0.0,3.0,Chicago,2011-09-20,Yes,Mid,14.293150684931506
EMP0371,Employee_371,Engineering,94866.35801761778,49.0,14.0,5.0,San Francisco,2013-01-15,Yes,Senior,12.96986301369863
EMP0378,Employee_378,Engineering,83078.80200550701,33.0,13.0,4.0,Seattle,2013-02-05,Yes,Mid,12.912328767123288
EMP0290,Employee_290,HR,69443.66624818249,32.0,0.0,4.0,Chicago,2012-05-17,No,Mid,13.635616438356164
EMP0469,Employee_469,Sales,,,0.0,1.0,New York,2013-11-05,Yes,,12.164383561643836
EMP0413,Employee_413,,85566.36752260922,30.0,0.0,4.0,Chicago,2013-05-21,No,Mid,12.624657534246575
EMP0303,Employee_303,Marketing,99219.19936406983,27.0,11.0,4.0,Chicago,2012-06-25,Yes,Senior,13.528767123287672
EMP0432,Employee_432,Finance,102792.61591246874,50.0,1.0,1.0,,2013-07-17,Yes,Senior,12.468493150684932
EMP0154,Employee_154,Marketing,73462.16260953703,35.0,16.0,3.0,Austin,2011-04-05,Unknown,Mid,14.753424657534246
EMP0221,Employee_221,HR,69524.21601792854,32.0,16.0,3.0,Seattle,2011-10-23,Yes,Mid,14.202739726027398
EMP0070,Employee_70,,69142.54335475311,53.0,2.0,2.0,,2010-07-27,No,Mid,15.443835616438356
EMP0363,Employee_363,Marketing,72769.64394016104,60.0,18.0,4.0,San Francisco,2012-12-22,No,Mid,13.035616438356165
EMP0484,Employee_484,HR,,,13.0,2.0,San Francisco,2013-12-20,Unknown,,12.04109589041096
EMP0174,Employee_174,Sales,76580.31038359474,55.0,0.0,3.0,San Francisco,2011-06-04,No,Mid,14.58904109589041
EMP0353,Employee_353,HR,118309.48888925152,44.0,12.0,2.0,Seattle,2012-11-22,Unknown,Senior,13.117808219178082
EMP0232,Employee_232,Marketing,99515.33247797385,33.0,2.0,1.0,Austin,2011-11-25,No,Senior,14.112328767123287
EMP0212,Employee_212,Finance,65424.72568435385,38.0,2.0,4.0,New York,2011-09-26,Yes,Mid,14.276712328767124
EMP0193,Employee_193,Operations,55428.27508440317,45.0,9.0,4.0,Boston,2011-07-31,Unknown,Entry,14.432876712328767
EMP0447,Employee_447,,64917.18466495864,53.0,16.0,4.0,Austin,2013-08-31,No,Mid,12.345205479452055
EMP0325,Employee_325,,89220.34934405237,25.0,2.0,5.0,New York,2012-08-30,No,Mid,13.347945205479451
EMP0223,Employee_223,Engineering,49425.59502191443,54.0,4.0,2.0,Boston,2011-10-29,Unknown,Entry,14.186301369863013
EMP0155,Employee_155,,101713.84224130285,41.0,4.0,1.0,Austin,2011-04-08,No,Senior,14.745205479452055
EMP0423,Employee_423,Engineering,110115.1225114704,54.0,3.0,2.0,Boston,2013-06-20,Yes,Senior,12.542465753424658
EMP0177,Employee_177,Finance,102422.49406863384,45.0,15.0,2.0,Austin,2011-06-13,Unknown,Senior,14.564383561643835
EMP0361,Employee_361,Sales,88735.33528954157,62.0,1.0,5.0,,2012-12-16,Yes,Mid,13.052054794520547
EMP0416,Employee_416,Marketing,74679.10543565253,47.0,17.0,4.0,Seattle,2013-05-30,Unknown,Mid,12.6
EMP0205,Employee_205,HR,86431.32474438785,59.0,12.0,4.0,Austin,2011-09-05,No,Mid,14.334246575342465
EMP0341,Employee_341,Marketing,85368.67866130786,33.0,2.0,3.0,Boston,2012-10-17,No,Mid,13.216438356164383
EMP0279,Employee_279,Finance,70743.08434645672,32.0,1.0,3.0,Chicago,2012-04-14,No,Mid,13.726027397260275
EMP0456,Employee_456,Marketing,,51.0,7.0,2.0,Boston,2013-09-27,Unknown,,12.271232876712329
EMP0365,Employee_365,Operations,66535.33507778191,41.0,18.0,3.0,Boston,2012-12-28,Yes,Mid,13.01917808219178
EMP0087,Employee_87,Finance,54696.17875602895,62.0,15.0,1.0,Austin,2010-09-16,Unknown,Entry,15.304109589041095
EMP0434,Employee_434,Engineering,106309.60750130702,52.0,15.0,4.0,San Francisco,2013-07-23,Unknown,Senior,12.452054794520548
EMP0196,Employee_196,Sales,76694.24172198397,36.0,16.0,1.0,Seattle,2011-08-09,Yes,Mid,14.408219178082192
EMP0407,Employee_407,Sales,90431.57674390748,49.0,5.0,4.0,,2013-05-03,Yes,Senior,12.673972602739726
EMP0020,Employee_20,Sales,97456.99864694996,46.0,8.0,5.0,Boston,2010-02-27,Yes,Senior,15.854794520547944
EMP0349,Employee_349,Sales,105583.11274651288,47.0,1.0,5.0,New York,2012-11-10,Yes,Senior,13.150684931506849
EMP0057,Employee_57,Engineering,43651.15799920247,64.0,16.0,2.0,New York,2010-06-18,No,Entry,15.550684931506849
EMP0372,Employee_372,Engineering,88696.72247389748,23.0,8.0,5.0,Seattle,2013-01-18,No,Mid,12.961643835616439
EMP0348,Employee_348,Engineering,50948.32791524319,56.0,,3.0,New York,2012-11-07,No,Entry,13.158904109589042
EMP0479,Employee_479,,,,16.0,3.0,Seattle,2013-12-05,Yes,,12.082191780821917
EMP0249,Employee_249,,64757.91249479665,51.0,9.0,3.0,,2012-01-15,Unknown,Mid,13.972602739726028
EMP0026,Employee_26,Finance,62507.15816324262,59.0,,3.0,Boston,2010-03-17,No,Mid,15.805479452054794
EMP0452,Employee_452,HR,,22.0,15.0,4.0,Austin,2013-09-15,No,,12.304109589041095
EMP0043,Employee_43,Engineering,106168.48973699176,55.0,12.0,3.0,,2010-05-07,Yes,Senior,15.665753424657535
EMP0474,Employee_474,Operations,,,10.0,3.0,,2013-11-20,Yes,,12.123287671232877
EMP0262,Employee_262,,83914.10266964376,61.0,4.0,3.0,Austin,2012-02-23,Yes,Mid,13.865753424657534
EMP0173,Employee_173,Marketing,92889.04284756594,36.0,1.0,3.0,Boston,2011-06-01,No,Senior,14.597260273972603
EMP0291,Employee_291,Engineering,62788.48309068343,39.0,10.0,3.0,Seattle,2012-05-20,No,Mid,13.627397260273973
EMP0127,Employee_127,Operations,80221.0390626718,56.0,6.0,3.0,,2011-01-14,Unknown,Mid,14.975342465753425
EMP0343,Employee_343,Engineering,74204.80639381277,39.0,5.0,3.0,,2012-10-23,Yes,Mid,13.2
EMP0032,Employee_32,Engineering,87313.49268585717,58.0,5.0,2.0,San Francisco,2010-04-04,Yes,Mid,15.756164383561643
EMP0114,Employee_114,Finance,57344.00538071328,38.0,13.0,4.0,Boston,2010-12-06,Yes,Entry,15.082191780821917
EMP0230,Employee_230,HR,87584.42363950454,62.0,2.0,5.0,Seattle,2011-11-19,No,Mid,14.128767123287671
EMP0228,Employee_228,Sales,62490.21905403247,43.0,7.0,3.0,San Francisco,2011-11-13,Yes,Mid,14.145205479452056
EMP0430,Employee_430,Engineering,55288.79253926056,55.0,,5.0,San Francisco,2013-07-11,Unknown,Entry,12.484931506849316
EMP0058,Employee_58,Engineering,83217.59920974424,46.0,2.0,3.0,San Francisco,2010-06-21,Yes,Mid,15.542465753424658
EMP0382,Employee_382,Finance,120416.0127127102,32.0,15.0,3.0,Austin,2013-02-17,No,Executive,12.87945205479452
EMP0025,Employee_25,Marketing,99232.2975617778,36.0,8.0,2.0,Seattle,2010-03-14,Yes,Senior,15.813698630136987
EMP0018,Employee_18,Marketing,85939.61187529484,36.0,17.0,4.0,Chicago,2010-02-21,Unknown,Mid,15.871232876712329
EMP0266,Employee_266,Finance,107531.30059095514,30.0,0.0,1.0,Chicago,2012-03-06,Yes,Senior,13.832876712328767
EMP0067,Employee_67,Engineering,65285.47907328913,44.0,1.0,5.0,Seattle,2010-07-18,Yes,Mid,15.468493150684932
EMP0315,Employee_315,Operations,74545.5395896192,36.0,15.0,3.0,San Francisco,2012-07-31,Yes,Mid,13.43013698630137
EMP0468,Employee_468,Operations,,,11.0,3.0,New York,2013-11-02,Yes,,12.172602739726027
EMP0095,Employee_95,Finance,82441.64817038467,40.0,10.0,2.0,Boston,2010-10-10,Yes,Mid,15.238356164383562
EMP0457,Employee_457,Engineering,,39.0,,3.0,,2013-09-30,No,,12.263013698630138
EMP0355,Employee_355,Engineering,48182.515373367096,35.0,12.0,3.0,Austin,2012-11-28,No,Entry,13.101369863013698
EMP0024,Employee_24,Sales,95288.77668117498,45.0,12.0,5.0,,2010-03-11,Unknown,Senior,15.821917808219178
EMP0250,Employee_250,Operations,51902.86656268461,54.0,15.0,1.0,Chicago,2012-01-18,Yes,Entry,13.964383561643835
EMP0273,Employee_273,Operations,88961.6952153571,33.0,0.0,4.0,,2012-03-27,Yes,Mid,13.775342465753425
EMP0301,Employee_301,Engineering,80193.4920368373,53.0,19.0,2.0,Seattle,2012-06-19,Yes,Mid,13.545205479452054
EMP0006,Employee_6,Engineering,94838.38343013012,32.0,13.0,2.0,Chicago,2010-01-16,Yes,Senior,15.96986301369863
EMP0117,Employee_117,Finance,57028.64852361717,38.0,7.0,4.0,Seattle,2010-12-15,Unknown,Entry,15.057534246575342
EMP0046,Employee_46,HR,44215.35644479799,34.0,6.0,4.0,New York,2010-05-16,Yes,Entry,15.64109589041096
EMP0500,Employee_500,,,,15.0,,,2014-02-06,Yes,,11.90958904109589
EMP0395,Employee_395,Sales,88554.02001866508,41.0,6.0,5.0,New York,2013-03-28,No,Mid,12.772602739726027
EMP0017,Employee_17,Sales,85104.87399436366,30.0,1.0,4.0,,2010-02-18,No,Mid,15.87945205479452
EMP0490,Employee_490,Operations,,,6.0,5.0,Seattle,2014-01-07,Unknown,,11.991780821917809
EMP0376,Employee_376,Sales,87440.19629290723,22.0,,3.0,New York,2013-01-30,Unknown,Mid,12.92876712328767
EMP0004,Employee_4,HR,73461.92688675194,58.0,11.0,4.0,Boston,2010-01-10,No,Mid,15.986301369863014
EMP0489,Employee_489,,,,18.0,3.0,,2014-01-04,Yes,,12.0
EMP0449,Employee_449,Sales,84306.30225226437,26.0,8.0,3.0,Seattle,2013-09-06,No,Mid,12.32876712328767
EMP0061,Employee_61,Sales,92331.96492193696,48.0,10.0,4.0,Austin,2010-06-30,No,Senior,15.517808219178082
EMP0111,Employee_111,Sales,64255.07691347087,57.0,15.0,2.0,Boston,2010-11-27,Yes,Mid,15.106849315068493
EMP0335,Employee_335,Engineering,91156.03537784118,36.0,0.0,5.0,Austin,2012-09-29,Unknown,Senior,13.265753424657534
EMP0275,Employee_275,Marketing,73526.75986239528,29.0,15.0,3.0,Chicago,2012-04-02,Unknown,Mid,13.758904109589041
EMP0030,Employee_30,Engineering,70030.26926886893,39.0,3.0,5.0,,2010-03-29,Yes,Mid,15.772602739726027
EMP0366,Employee_366,Sales,57966.30788767333,23.0,1.0,3.0,Seattle,2012-12-31,Yes,Entry,13.01095890410959
EMP0186,Employee_186,HR,118528.74624550564,50.0,12.0,3.0,Austin,2011-07-10,No,Senior,14.490410958904109
EMP0027,Employee_27,Engineering,54317.71658528756,29.0,12.0,3.0,,2010-03-20,Yes,Entry,15.797260273972602
EMP0008,Employee_8,Operations,121629.17531708708,24.0,0.0,4.0,Chicago,2010-01-22,No,Executive,15.953424657534246
EMP0182,Employee_182,Engineering,64838.27378165192,48.0,10.0,,San Francisco,2011-06-28,Unknown,Mid,14.523287671232877
EMP0478,Employee_478,HR,,,2.0,2.0,Chicago,2013-12-02,No,,12.09041095890411
EMP0109,Employee_109,Sales,115462.48154539317,41.0,13.0,3.0,Chicago,2010-11-21,Yes,Senior,15.123287671232877
EMP0038,Employee_38,Engineering,104431.4190190871,61.0,1.0,5.0,,2010-04-22,No,Senior,15.706849315068494
EMP0158,Employee_158,Finance,113831.372413158,48.0,18.0,3.0,Austin,2011-04-17,No,Senior,14.72054794520548
EMP0494,Employee_494,Engineering,,,4.0,2.0,Boston,2014-01-19,No,,11.95890410958904
EMP0119,Employee_119,Operations,71987.14861756346,22.0,9.0,4.0,Chicago,2010-12-21,Yes,Mid,15.04109589041096
EMP0115,Employee_115,HR,103523.55095063282,33.0,14.0,1.0,Seattle,2010-12-09,No,Senior,15.073972602739726
EMP0272,Employee_272,Operations,84517.49825779993,62.0,6.0,2.0,Boston,2012-03-24,Yes,Mid,13.783561643835617
EMP0176,Employee_176,Engineering,126508.01597290878,46.0,16.0,4.0,Seattle,2011-06-10,No,Executive,14.572602739726028
EMP0209,Employee_209,Engineering,105750.798885158,29.0,4.0,1.0,San Francisco,2011-09-17,Yes,Senior,14.301369863013699
EMP0204,Employee_204,Operations,67878.32348182265,30.0,6.0,1.0,Boston,2011-09-02,Unknown,Mid,14.342465753424657
EMP0145,Employee_145,Sales,97771.84917554748,34.0,12.0,4.0,New York,2011-03-09,No,Senior,14.827397260273973
EMP0195,Employee_195,Sales,91769.92814988828,41.0,8.0,3.0,Boston,2011-08-06,No,Senior,14.416438356164383
EMP0389,Employee_389,Finance,97436.19924434392,31.0,4.0,1.0,,2013-03-10,Yes,Senior,12.821917808219178
EMP0401,Employee_401,Engineering,101678.44309097808,49.0,13.0,3.0,New York,2013-04-15,No,Senior,12.723287671232876
EMP0424,Employee_424,Marketing,67107.85395560993,35.0,16.0,1.0,San Francisco,2013-06-23,Unknown,Mid,12.534246575342467
EMP0498,Employee_498,Engineering,,,5.0,3.0,Chicago,2014-01-31,Yes,,11.926027397260274
EMP0403,Employee_403,Marketing,83596.68577082705,58.0,4.0,3.0,New York,2013-04-21,Yes,Mid,12.706849315068494
EMP0470,Employee_470,,,,4.0,2.0,Seattle,2013-11-08,Yes,,12.156164383561643
EMP0142,Employee_142,Sales,85961.69893322764,25.0,12.0,4.0,Chicago,2011-02-28,Yes,Mid,14.852054794520548
EMP0385,Employee_385,Finance,99155.0387091095,35.0,3.0,3.0,San Francisco,2013-02-26,Yes,Senior,12.854794520547944
EMP0068,Employee_68,Finance,95080.93031035688,63.0,13.0,4.0,New York,2010-07-21,Yes,Senior,15.46027397260274
EMP0169,Employee_169,Engineering,91752.05324150404,26.0,14.0,3.0,New York,2011-05-20,No,Senior,14.63013698630137
EMP0189,Employee_189,Marketing,101588.1116236698,48.0,6.0,3.0,Austin,2011-07-19,Yes,Senior,14.465753424657533
EMP0396,Employee_396,Operations,58293.11282579797,29.0,17.0,4.0,,2013-03-31,Unknown,Entry,12.764383561643836
EMP0238,Employee_238,Engineering,111908.40092309956,41.0,16.0,2.0,Boston,2011-12-13,No,Senior,14.063013698630137
EMP0194,Employee_194,HR,107875.08086413858,24.0,6.0,1.0,,2011-08-03,Yes,Senior,14.424657534246576
EMP0082,Employee_82,HR,100150.1542009461,60.0,14.0,4.0,San Francisco,2010-09-01,No,Senior,15.345205479452055
EMP0110,Employee_110,Engineering,95778.20087369316,53.0,3.0,4.0,Austin,2010-11-24,Unknown,Senior,15.115068493150686
EMP0461,Employee_461,Engineering,,,7.0,4.0,Seattle,2013-10-12,Yes,,12.23013698630137
EMP0146,Employee_146,Engineering,51769.598754620805,62.0,,2.0,,2011-03-12,Yes,Entry,14.819178082191781
EMP0093,Employee_93,Finance,,56.0,12.0,3.0,San Francisco,2010-10-04,No,,15.254794520547945
EMP0153,Employee_153,Engineering,105125.85618428882,23.0,15.0,3.0,Chicago,2011-04-02,Yes,Senior,14.761643835616438
EMP0245,Employee_245,Engineering,51150.707405703615,54.0,4.0,4.0,Chicago,2012-01-03,No,Entry,14.005479452054795
EMP0415,Employee_415,HR,103765.67611951997,41.0,,3.0,,2013-05-27,Yes,Senior,12.608219178082193
EMP0431,Employee_431,Engineering,90341.00531738518,46.0,3.0,3.0,New York,2013-07-14,Yes,Senior,12.476712328767123
EMP0084,Employee_84,Engineering,73483.6351871064,53.0,3.0,3.0,New York,2010-09-07,No,Mid,15.32876712328767
EMP0104,Employee_104,Marketing,102632.795138989,51.0,3.0,3.0,Chicago,2010-11-06,Yes,Senior,15.164383561643836
EMP0166,Employee_166,Operations,81886.45529215841,41.0,0.0,2.0,Chicago,2011-05-11,Yes,Mid,14.654794520547945
EMP0164,Employee_164,Marketing,72920.29626568359,37.0,3.0,5.0,Boston,2011-05-05,Unknown,Mid,14.67123287671233
EMP0200,Employee_200,Finance,89964.41172600671,28.0,18.0,4.0,Boston,2011-08-21,Yes,Mid,14.375342465753425
EMP0256,Employee_256,HR,118380.43050578788,59.0,19.0,4.0,Austin,2012-02-05,No,Senior,13.915068493150685
EMP0075,Employee_75,Finance,124294.50265832778,39.0,5.0,,Austin,2010-08-11,Yes,Executive,15.402739726027397
EMP0324,Employee_324,Sales,118929.12736580076,58.0,1.0,2.0,Austin,2012-08-27,Yes,Senior,13.356164383561644
EMP0239,Employee_239,HR,116863.73253278794,54.0,2.0,5.0,Austin,2011-12-16,No,Senior,14.054794520547945
EMP0497,Employee_497,HR,,,9.0,5.0,San Francisco,2014-01-28,No,,11.934246575342465
EMP0120,Employee_120,Marketing,75257.49232470608,43.0,3.0,4.0,San Francisco,2010-12-24,No,Mid,15.032876712328767
EMP0305,Employee_305,Finance,77780.6766836184,40.0,16.0,5.0,New York,2012-07-01,Yes,Mid,13.512328767123288
EMP0313,Employee_313,Engineering,103480.54038413802,56.0,5.0,2.0,,2012-07-25,No,Senior,13.446575342465753
EMP0267,Employee_267,Finance,79622.22618890338,27.0,,1.0,San Francisco,2012-03-09,No,Mid,13.824657534246576
EMP0422,Employee_422,Finance,75425.02756673045,26.0,12.0,5.0,Boston,2013-06-17,Yes,Mid,12.550684931506849
EMP0493,Employee_493,Sales,,,10.0,4.0,Chicago,2014-01-16,No,,11.967123287671233
EMP0306,Employee_306,,108186.59606728496,43.0,9.0,5.0,Austin,2012-07-04,Unknown,Senior,13.504109589041096
EMP0393,Employee_393,Sales,83511.33141799907,22.0,3.0,5.0,New York,2013-03-22,No,Mid,12.789041095890411
EMP0438,Employee_438,Operations,77743.22879120681,41.0,8.0,4.0,San Francisco,2013-08-04,Yes,Mid,12.419178082191781
EMP0404,Employee_404,Operations,51780.78132968017,58.0,4.0,5.0,Chicago,2013-04-24,Unknown,Entry,12.698630136986301
EMP0285,Employee_285,HR,109921.70384995258,47.0,1.0,3.0,San Francisco,2012-05-02,No,Senior,13.676712328767124
EMP0287,Employee_287,Marketing,78146.24811839302,62.0,,4.0,Seattle,2012-05-08,Yes,Mid,13.66027397260274
EMP0037,Employee_37,Sales,80020.71703041853,38.0,5.0,5.0,New York,2010-04-19,No,Mid,15.715068493150685
EMP0197,Employee_197,Finance,97655.6373221257,46.0,10.0,1.0,San Francisco,2011-08-12,Unknown,Senior,14.4
EMP0140,Employee_140,,48902.35798670962,55.0,0.0,,Boston,2011-02-22,Yes,Entry,14.868493150684932
EMP0384,Employee_384,Operations,121248.97115993858,24.0,3.0,4.0,San Francisco,2013-02-23,Unknown,Executive,12.863013698630137
EMP0263,Employee_263,Engineering,80381.30939582644,32.0,19.0,3.0,Boston,2012-02-26,Yes,Mid,13.857534246575343
EMP0298,Employee_298,Engineering,94787.49122455835,57.0,10.0,2.0,New York,2012-06-10,Yes,Senior,13.56986301369863
EMP0299,Employee_299,HR,60557.44382216109,29.0,14.0,5.0,Chicago,2012-06-13,No,Mid,13.561643835616438
EMP0060,Employee_60,Sales,98393.45097660075,57.0,5.0,4.0,Austin,2010-06-27,Unknown,Senior,15.526027397260274
EMP0112,Employee_112,Engineering,81193.22643832784,25.0,,4.0,,2010-11-30,Unknown,Mid,15.098630136986301
EMP0276,Employee_276,Marketing,74062.82117519216,49.0,11.0,4.0,Boston,2012-04-05,No,Mid,13.75068493150685
EMP0269,Employee_269,Sales,136467.1960649972,60.0,5.0,5.0,New York,2012-03-15,Unknown,Executive,13.808219178082192
EMP0412,Employee_412,,98630.01394745248,23.0,4.0,3.0,Seattle,2013-05-18,Yes,Senior,12.632876712328768
EMP0151,Employee_151,Operations,67791.73269432095,32.0,9.0,4.0,Chicago,2011-03-27,Unknown,Mid,14.778082191780822
EMP0296,Employee_296,Marketing,62418.96457565542,46.0,5.0,2.0,Chicago,2012-06-04,No,Mid,13.586301369863014
EMP0039,Employee_39,Finance,97907.51899170296,53.0,17.0,5.0,Chicago,2010-04-25,No,Senior,15.698630136986301
EMP0330,Employee_330,Sales,107066.03764033044,62.0,9.0,3.0,Boston,2012-09-14,No,Senior,13.306849315068494
EMP0199,Employee_199,Operations,88637.3251011699,35.0,13.0,2.0,San Francisco,2011-08-18,Yes,Mid,14.383561643835616
EMP0451,Employee_451,Finance,,55.0,1.0,4.0,,2013-09-12,No,,12.312328767123288
EMP0147,Employee_147,HR,83678.40402705366,60.0,8.0,3.0,Chicago,2011-03-15,No,Mid,14.810958904109588
EMP0148,Employee_148,Marketing,60779.67600475087,36.0,8.0,5.0,Austin,2011-03-18,Unknown,Mid,14.802739726027397
EMP0322,Employee_322,Finance,120095.8836396873,45.0,2.0,1.0,,2012-08-21,No,Executive,13.372602739726027
EMP0300,Employee_300,Engineering,99259.96860344776,50.0,4.0,4.0,New York,2012-06-16,Unknown,Senior,13.553424657534247
EMP0124,Employee_124,Engineering,68380.99767177925,50.0,12.0,3.0,Chicago,2011-01-05,No,Mid,15.0
EMP0454,Employee_454,Operations,,64.0,9.0,3.0,Boston,2013-09-21,No,,12.287671232876713
EMP0097,Employee_97,Marketing,52871.07359484855,28.0,14.0,5.0,New York,2010-10-16,Yes,Entry,15.221917808219178
EMP0240,Employee_240,Engineering,74775.68647137629,31.0,1.0,5.0,San Francisco,2011-12-19,No,Mid,14.046575342465754
EMP0332,Employee_332,Finance,88006.03522923755,55.0,0.0,3.0,Austin,2012-09-20,Unknown,Mid,13.29041095890411
EMP0098,Employee_98,Marketing,89069.27271734446,31.0,,,,2010-10-19,No,Mid,15.213698630136987
EMP0417,Employee_417,Sales,86922.41553881967,50.0,12.0,1.0,Austin,2013-06-02,Unknown,Mid,12.591780821917808
EMP0369,Employee_369,Engineering,66012.02222336114,38.0,10.0,3.0,Seattle,2013-01-09,No,Mid,12.986301369863014
EMP0123,Employee_123,Sales,85970.43255889654,35.0,16.0,5.0,Chicago,2011-01-02,No,Mid,15.008219178082191
EMP0184,Employee_184,Operations,77969.73031917383,46.0,8.0,1.0,Seattle,2011-07-04,No,Mid,14.506849315068493
EMP0203,Employee_203,Engineering,101606.71633088493,57.0,9.0,5.0,Chicago,2011-08-30,No,Senior,14.35068493150685
EMP0247,Employee_247,Marketing,81839.84202842021,62.0,14.0,3.0,Chicago,2012-01-09,Unknown,Mid,13.98904109589041
EMP0321,Employee_321,Marketing,59391.41295007434,52.0,,5.0,,2012-08-18,Yes,Entry,13.38082191780822
EMP0312,Employee_312,Engineering,59977.72847229394,31.0,13.0,4.0,Seattle,2012-07-22,Unknown,Entry,13.454794520547946
EMP0370,Employee_370,Engineering,137647.6412967478,46.0,17.0,4.0,San Francisco,2013-01-12,Unknown,Executive,12.978082191780821
EMP0495,Employee_495,Marketing,,,4.0,3.0,Austin,2014-01-22,Unknown,,11.95068493150685
EMP0418,Employee_418,Sales,75754.49422589915,22.0,,5.0,Austin,2013-06-05,Yes,Mid,12.583561643835617
EMP0297,Employee_297,Finance,74509.59467440452,40.0,2.0,2.0,Boston,2012-06-07,Unknown,Mid,13.578082191780823
EMP0126,Employee_126,Marketing,83995.23781101726,57.0,10.0,1.0,New York,2011-01-11,No,Mid,14.983561643835616
EMP0317,Employee_317,Marketing,70913.12618914482,28.0,19.0,1.0,Seattle,2012-08-06,Unknown,Mid,13.413698630136986
EMP0224,Employee_224,Sales,114920.88622978366,59.0,11.0,2.0,Boston,2011-11-01,Yes,Senior,14.178082191780822
EMP0441,Employee_441,Engineering,116591.44291461424,63.0,9.0,4.0,Boston,2013-08-13,No,Senior,12.394520547945206
EMP0220,Employee_220,Operations,122535.91625116132,53.0,12.0,4.0,Boston,2011-10-20,Unknown,Executive,14.210958904109589
EMP0130,Employee_130,Marketing,100107.82451651512,50.0,6.0,4.0,San Francisco,2011-01-23,Yes,Senior,14.95068493150685
EMP0443,Employee_443,Sales,76596.26365808285,42.0,9.0,3.0,,2013-08-19,No,Mid,12.378082191780821
EMP0302,Employee_302,Marketing,77503.58384900805,39.0,9.0,3.0,San Francisco,2012-06-22,No,Mid,13.536986301369863
EMP0406,Employee_406,Operations,89153.75374326222,58.0,,4.0,San Francisco,2013-04-30,Yes,Mid,12.682191780821919
EMP0398,Employee_398,Marketing,97211.71490567646,33.0,19.0,1.0,Boston,2013-04-06,Yes,Senior,12.747945205479452
EMP0429,Employee_429,Sales,105636.8907893727,64.0,19.0,,Seattle,2013-07-08,Yes,Senior,12.493150684931507
EMP0374,Employee_374,Finance,99006.19758817984,58.0,8.0,4.0,Chicago,2013-01-24,No,Senior,12.945205479452055
EMP0308,Employee_308,Sales,97318.71213888528,53.0,17.0,,San Francisco,2012-07-10,Unknown,Senior,13.487671232876712
EMP0295,Employee_295,Engineering,99433.4412808647,34.0,17.0,,,2012-06-01,Yes,Senior,13.594520547945205
EMP0458,Employee_458,Marketing,,38.0,10.0,3.0,New York,2013-10-03,Yes,,12.254794520547945
EMP0357,Employee_357,Engineering,72503.62844608643,23.0,19.0,1.0,Boston,2012-12-04,No,Mid,13.084931506849315
EMP0113,Employee_113,Operations,67487.63493230485,48.0,19.0,3.0,New York,2010-12-03,Unknown,Mid,15.09041095890411
EMP0180,Employee_180,Engineering,76838.49253956898,36.0,2.0,4.0,Boston,2011-06-22,Unknown,Mid,14.53972602739726
EMP0323,Employee_323,HR,43361.41184232556,41.0,1.0,4.0,Austin,2012-08-24,Yes,Entry,13.364383561643836
EMP0356,Employee_356,HR,59408.460665285966,35.0,13.0,4.0,Boston,2012-12-01,Unknown,Entry,13.093150684931507
EMP0347,Employee_347,HR,93165.05511428944,54.0,7.0,4.0,New York,2012-11-04,Yes,Senior,13.167123287671233
EMP0231,Employee_231,Finance,87187.89589209786,38.0,11.0,4.0,Boston,2011-11-22,No,Mid,14.12054794520548
EMP0394,Employee_394,Finance,97413.44195101356,26.0,5.0,3.0,Boston,2013-03-25,No,Senior,12.780821917808218
EMP0234,Employee_234,Marketing,89477.68048558263,36.0,1.0,4.0,Austin,2011-12-01,Unknown,Mid,14.095890410958905
EMP0472,Employee_472,,,,12.0,,New York,2013-11-14,Yes,,12.139726027397261
EMP0477,Employee_477,Engineering,,,18.0,3.0,San Francisco,2013-11-29,No,,12.098630136986301
EMP0165,Employee_165,Engineering,86731.795749458,58.0,9.0,5.0,San Francisco,2011-05-08,Unknown,Mid,14.663013698630136
EMP0318,Employee_318,Engineering,56830.7740727288,33.0,13.0,4.0,Austin,2012-08-09,Yes,Entry,13.405479452054795
EMP0137,Employee_137,Marketing,71747.52482108306,44.0,19.0,2.0,,2011-02-13,No,Mid,14.893150684931507
EMP0198,Employee_198,Operations,130413.85715608792,51.0,6.0,5.0,Boston,2011-08-15,Unknown,Executive,14.391780821917807
EMP0259,Employee_259,HR,80085.13871828112,36.0,12.0,5.0,San Francisco,2012-02-14,Yes,Mid,13.89041095890411
EMP0233,Employee_233,HR,94620.18463473428,53.0,5.0,4.0,,2011-11-28,Yes,Senior,14.104109589041096
EMP0116,Employee_116,Operations,123188.3328094026,43.0,2.0,4.0,San Francisco,2010-12-12,Yes,Executive,15.065753424657535
EMP0121,Employee_121,Finance,73152.12151522262,47.0,17.0,5.0,Austin,2010-12-27,Yes,Mid,15.024657534246575
EMP0419,Employee_419,Finance,76310.07545135368,56.0,,5.0,Austin,2013-06-08,No,Mid,12.575342465753424
EMP0225,Employee_225,Sales,98087.31312708116,62.0,,3.0,New York,2011-11-04,No,Senior,14.169863013698631
EMP0425,Employee_425,Engineering,81262.56711677281,33.0,2.0,3.0,Boston,2013-06-26,Yes,Mid,12.526027397260274
EMP0354,Employee_354,Engineering,105287.4013003626,63.0,11.0,4.0,Austin,2012-11-25,No,Senior,13.10958904109589
EMP0128,Employee_128,Operations,66848.72675916804,33.0,11.0,4.0,,2011-01-17,No,Mid,14.967123287671233
EMP0108,Employee_108,Finance,67774.31597343473,25.0,1.0,4.0,San Francisco,2010-11-18,Yes,Mid,15.131506849315068
EMP0442,Employee_442,,74542.79945693463,29.0,,3.0,,2013-08-16,Yes,Mid,12.386301369863014
EMP0342,Employee_342,Marketing,91951.63410723342,24.0,8.0,2.0,Austin,2012-10-20,Unknown,Senior,13.208219178082192
EMP0134,Employee_134,Sales,100027.74246743578,36.0,9.0,3.0,Chicago,2011-02-04,Yes,Senior,14.917808219178083
EMP0383,Employee_383,HR,72460.65884424465,31.0,0.0,5.0,Austin,2013-02-20,No,Mid,12.871232876712329
EMP0045,Employee_45,Sales,61334.829746684496,48.0,0.0,4.0,Chicago,2010-05-13,Yes,Mid,15.64931506849315
EMP0487,Employee_487,Engineering,,,19.0,4.0,Chicago,2013-12-29,No,,12.016438356164384
EMP0066,Employee_66,Marketing,104102.84641002477,52.0,9.0,4.0,Austin,2010-07-15,Yes,Senior,15.476712328767123
EMP0284,Employee_284,Engineering,106830.13703844923,43.0,12.0,4.0,Boston,2012-04-29,Unknown,Senior,13.684931506849315
EMP0086,Employee_86,Sales,38961.5767052883,48.0,10.0,4.0,Chicago,2010-09-13,Yes,Entry,15.312328767123288
EMP0243,Employee_243,Operations,86114.4982457739,54.0,11.0,3.0,Seattle,2011-12-28,Yes,Mid,14.021917808219179
EMP0187,Employee_187,Operations,91538.54747528324,29.0,1.0,3.0,Austin,2011-07-13,Yes,Senior,14.482191780821918
EMP0405,Employee_405,Sales,93592.36438265172,33.0,1.0,2.0,Austin,2013-04-27,Yes,Senior,12.69041095890411
EMP0160,Employee_160,Finance,69062.09489059047,38.0,6.0,3.0,Austin,2011-04-23,No,Mid,14.704109589041096
EMP0013,Employee_13,Operations,82709.20309494765,46.0,,,Boston,2010-02-06,Yes,Mid,15.912328767123288
EMP0036,Employee_36,Finance,120106.81684886408,34.0,18.0,3.0,Seattle,2010-04-16,Yes,Executive,15.723287671232876
EMP0029,Employee_29,HR,91646.28023959184,47.0,10.0,4.0,New York,2010-03-26,No,Senior,15.780821917808218
EMP0171,Employee_171,Finance,75247.87551855014,22.0,2.0,2.0,Chicago,2011-05-26,Yes,Mid,14.613698630136986
EMP0143,Employee_143,Marketing,90194.45003442964,38.0,9.0,3.0,Boston,2011-03-03,Unknown,Senior,14.843835616438357
EMP0421,Employee_421,Finance,89442.67543267425,58.0,4.0,4.0,Chicago,2013-06-14,Yes,Mid,12.558904109589042
EMP0368,Employee_368,Operations,106072.8359321568,27.0,1.0,1.0,Austin,2013-01-06,No,Senior,12.994520547945205
EMP0222,Employee_222,HR,60106.90593377166,46.0,1.0,2.0,Chicago,2011-10-26,Yes,Mid,14.194520547945206
EMP0096,Employee_96,Marketing,65889.19118799148,51.0,15.0,3.0,Seattle,2010-10-13,No,Mid,15.23013698630137
EMP0052,Employee_52,Finance,57397.970835702174,61.0,14.0,1.0,New York,2010-06-03,No,Entry,15.591780821917808
EMP0241,Employee_241,Operations,65207.90359482839,61.0,19.0,4.0,New York,2011-12-22,Yes,Mid,14.038356164383561
EMP0397,Employee_397,Operations,92603.95702011928,64.0,4.0,5.0,Boston,2013-04-03,Yes,Senior,12.756164383561643
EMP0352,Employee_352,Operations,104653.81967891028,51.0,3.0,4.0,,2012-11-19,Unknown,Senior,13.126027397260273
EMP0400,Employee_400,Finance,106615.61451109244,41.0,6.0,4.0,Chicago,2013-04-12,No,Senior,12.73150684931507
EMP0179,Employee_179,Operations,109024.27844327888,39.0,14.0,2.0,Austin,2011-06-19,No,Senior,14.547945205479452
EMP0042,Employee_42,Marketing,98721.0291999688,61.0,18.0,4.0,Austin,2010-05-04,Unknown,Senior,15.673972602739726
EMP0496,Employee_496,Sales,,,7.0,3.0,,2014-01-25,No,,11.942465753424658
EMP0409,Employee_409,Operations,63378.869191834754,27.0,,3.0,New York,2013-05-09,Yes,Mid,12.657534246575343
EMP0207,Employee_207,Engineering,94579.59651492783,23.0,3.0,4.0,Seattle,2011-09-11,Unknown,Senior,14.317808219178081
EMP0283,Employee_283,Sales,31980.60383213976,27.0,17.0,4.0,Austin,2012-04-26,Yes,Entry,13.693150684931506
EMP0359,Employee_359,Operations,95353.18040938246,26.0,5.0,5.0,Seattle,2012-12-10,Yes,Senior,13.068493150684931
EMP0255,Employee_255,Engineering,78284.30601419744,23.0,7.0,3.0,Boston,2012-02-02,Unknown,Mid,13.923287671232877
EMP0435,Employee_435,Engineering,74654.23099799256,64.0,17.0,2.0,Chicago,2013-07-26,Yes,Mid,12.443835616438356
EMP0005,Employee_5,Engineering,67031.70657303283,55.0,7.0,3.0,New York,2010-01-13,Unknown,Mid,15.978082191780821
EMP0257,Employee_257,Operations,79808.1729727279,60.0,2.0,3.0,Boston,2012-02-08,Yes,Mid,13.906849315068493
EMP0473,Employee_473,Engineering,,,7.0,3.0,,2013-11-17,Yes,,12.131506849315068
EMP0101,Employee_101,Engineering,72068.54231514948,55.0,10.0,4.0,,2010-10-28,Yes,Mid,15.189041095890412
EMP0227,Employee_227,,90599.3725263964,32.0,5.0,4.0,Boston,2011-11-10,Yes,Senior,14.153424657534247
EMP0450,Employee_450,Engineering,89684.29465073042,43.0,0.0,4.0,Seattle,2013-09-09,Yes,Mid,12.32054794520548
EMP0214,Employee_214,Sales,92546.00986089704,42.0,7.0,3.0,Boston,2011-10-02,No,Senior,14.26027397260274
EMP0445,Employee_445,Operations,58110.98977931446,29.0,16.0,3.0,San Francisco,2013-08-25,Yes,Entry,12.361643835616439
EMP0172,Employee_172,Engineering,76348.83624360758,59.0,11.0,4.0,New York,2011-05-29,Yes,Mid,14.605479452054794
EMP0293,Employee_293,Operations,103713.56786294922,44.0,19.0,5.0,Seattle,2012-05-26,Yes,Senior,13.610958904109589
EMP0216,Employee_216,Sales,66556.6935164475,51.0,5.0,2.0,,2011-10-08,Yes,Mid,14.243835616438357
EMP0062,Employee_62,Sales,66202.40427345289,59.0,2.0,4.0,Boston,2010-07-03,Unknown,Mid,15.509589041095891
EMP0048,Employee_48,Marketing,99350.84511591923,27.0,14.0,2.0,Chicago,2010-05-22,No,Senior,15.624657534246575
EMP0033,Employee_33,Engineering,108585.94368127652,34.0,13.0,2.0,San Francisco,2010-04-07,Yes,Senior,15.747945205479452
EMP0268,Employee_268,Finance,62869.48182516659,30.0,19.0,3.0,Seattle,2012-03-12,Unknown,Mid,13.816438356164383
EMP0328,Employee_328,HR,92982.7222870414,45.0,19.0,4.0,New York,2012-09-08,Yes,Senior,13.323287671232876
EMP0201,Employee_201,HR,75812.78200919511,38.0,3.0,3.0,Boston,2011-08-24,Yes,Mid,14.367123287671232
EMP0471,Employee_471,Engineering,,,7.0,3.0,,2013-11-11,No,,12.147945205479452
EMP0028,Employee_28,Marketing,110553.53643797018,26.0,8.0,3.0,,2010-03-23,Yes,Senior,15.789041095890411
EMP0411,Employee_411,Sales,84208.8969228669,35.0,6.0,3.0,Seattle,2013-05-15,Yes,Mid,12.64109589041096
EMP0261,Employee_261,HR,31062.26714116857,63.0,7.0,5.0,Chicago,2012-02-20,Yes,Entry,13.873972602739727
EMP0379,Employee_379,Operations,107985.46652571352,57.0,18.0,4.0,New York,2013-02-08,Unknown,Senior,12.904109589041095
EMP0289,Employee_289,Sales,56849.766105643575,35.0,8.0,4.0,,2012-05-14,Yes,Entry,13.643835616438356
EMP0163,Employee_163,HR,92422.91746742616,42.0,18.0,3.0,Seattle,2011-05-02,Yes,Senior,14.67945205479452
EMP0392,Employee_392,Marketing,80049.6272889699,62.0,19.0,3.0,Chicago,2013-03-19,Yes,Mid,12.797260273972602
EMP0448,Employee_448,Finance,69644.04869791743,59.0,8.0,5.0,,2013-09-03,Yes,Mid,12.336986301369864
EMP0139,Employee_139,Sales,69734.81686914967,55.0,6.0,4.0,Chicago,2011-02-19,Yes,Mid,14.876712328767123
EMP0063,Employee_63,Operations,74722.66165326613,28.0,7.0,3.0,San Francisco,2010-07-06,Unknown,Mid,15.501369863013698
EMP0136,Employee_136,Sales,95867.2038475987,32.0,3.0,2.0,New York,2011-02-10,Yes,Senior,14.901369863013699
EMP0129,Employee_129,Engineering,73464.57338863335,28.0,9.0,4.0,Austin,2011-01-20,No,Mid,14.95890410958904
EMP0135,Employee_135,Operations,51611.89437757256,53.0,9.0,3.0,Chicago,2011-02-07,No,Entry,14.90958904109589
EMP0009,Employee_9,HR,108588.80241442574,49.0,0.0,4.0,Boston,2010-01-25,Yes,Senior,15.945205479452055
EMP0327,Employee_327,HR,74101.618263821,41.0,13.0,4.0,San Francisco,2012-09-05,Yes,Mid,13.331506849315069
EMP0491,Employee_491,Marketing,,,18.0,3.0,Seattle,2014-01-10,No,,11.983561643835616
EMP0065,Employee_65,Sales,83746.41805453657,64.0,13.0,4.0,San Francisco,2010-07-12,Yes,Mid,15.484931506849316
EMP0015,Employee_15,Engineering,53111.44682411266,33.0,4.0,3.0,Boston,2010-02-12,Yes,Entry,15.895890410958904
EMP0157,Employee_157,Finance,95596.08355830566,32.0,17.0,5.0,,2011-04-14,Yes,Senior,14.728767123287671
EMP0041,Employee_41,Engineering,65701.53078839791,24.0,8.0,3.0,Boston,2010-05-01,No,Mid,15.682191780821919
EMP0380,Employee_380,Sales,70936.47149748226,44.0,6.0,2.0,Seattle,2013-02-11,Yes,Mid,12.895890410958904
EMP0485,Employee_485,HR,,,3.0,3.0,Chicago,2013-12-23,Unknown,,12.032876712328767
EMP0426,Employee_426,Marketing,76205.37883451651,63.0,16.0,4.0,Boston,2013-06-29,Yes,Mid,12.517808219178082
EMP0217,Employee_217,Sales,102392.1184021132,39.0,8.0,4.0,Seattle,2011-10-11,Yes,Senior,14.235616438356164
EMP0410,Employee_410,Engineering,106063.05706665808,41.0,9.0,1.0,San Francisco,2013-05-12,No,Senior,12.64931506849315
EMP0280,Employee_280,Finance,87128.60455383794,41.0,13.0,3.0,Seattle,2012-04-17,Yes,Mid,13.717808219178082
EMP0309,Employee_309,Finance,96862.02515936768,62.0,12.0,3.0,Chicago,2012-07-13,Unknown,Senior,13.479452054794521
EMP0455,Employee_455,Engineering,,31.0,17.0,3.0,,2013-09-24,No,,12.27945205479452
EMP0338,Employee_338,Finance,99865.2818804543,27.0,13.0,4.0,,2012-10-08,Yes,Senior,13.241095890410959
EMP0237,Employee_237,Sales,122640.48992950068,49.0,5.0,3.0,San Francisco,2011-12-10,No,Executive,14.07123287671233
EMP0208,Employee_208,HR,91673.24210573896,45.0,7.0,5.0,Chicago,2011-09-14,No,Senior,14.30958904109589
EMP0213,Employee_213,HR,76114.13479847777,29.0,8.0,,Boston,2011-09-29,Unknown,Mid,14.26849315068493
EMP0482,Employee_482,Finance,,,,2.0,San Francisco,2013-12-14,No,,12.057534246575342
EMP0252,Employee_252,Sales,86466.35934376808,47.0,16.0,2.0,New York,2012-01-24,Yes,Mid,13.947945205479453
EMP0483,Employee_483,Marketing,,,7.0,1.0,Seattle,2013-12-17,Unknown,,12.04931506849315
EMP0304,Employee_304,HR,93885.2662297208,39.0,14.0,2.0,Seattle,2012-06-28,Unknown,Senior,13.520547945205479
EMP0351,Employee_351,Marketing,90120.59468627752,57.0,14.0,,Austin,2012-11-16,Unknown,Senior,13.134246575342466
EMP0270,Employee_270,Sales,86184.36868028977,52.0,17.0,4.0,San Francisco,2012-03-18,No,Mid,13.8
EMP0202,Employee_202,Engineering,68003.11261070416,41.0,5.0,3.0,San Francisco,2011-08-27,Unknown,Mid,14.35890410958904
EMP0162,Employee_162,HR,80939.09227914014,50.0,17.0,3.0,New York,2011-04-29,Yes,Mid,14.687671232876712
EMP0044,Employee_44,Operations,49825.21027153771,61.0,10.0,5.0,Chicago,2010-05-10,Yes,Entry,15.657534246575343
EMP0218,Employee_218,Finance,112112.75717609902,52.0,6.0,3.0,Chicago,2011-10-14,Yes,Senior,14.227397260273973
EMP0402,Employee_402,Operations,94183.60158456874,64.0,6.0,5.0,,2013-04-18,Unknown,Senior,12.715068493150685
EMP0191,Employee_191,Engineering,89712.29116217131,24.0,17.0,4.0,Seattle,2011-07-25,Yes,Mid,14.449315068493151
EMP0310,Employee_310,Sales,78809.07121372019,24.0,2.0,,Chicago,2012-07-16,Unknown,Mid,13.471232876712328
EMP0260,Employee_260,Engineering,79545.5286050466,55.0,18.0,5.0,Austin,2012-02-17,No,Mid,13.882191780821918
EMP0106,Employee_106,Sales,114598.88277780052,50.0,12.0,4.0,Seattle,2010-11-12,Unknown,Senior,15.147945205479452
EMP0054,Employee_54,Operations,83889.04602206762,54.0,18.0,2.0,San Francisco,2010-06-09,No,Mid,15.575342465753424
EMP0390,Employee_390,Finance,53595.50560219087,33.0,6.0,4.0,Austin,2013-03-13,No,Entry,12.813698630136987
EMP0002,Employee_2,,122523.41678431771,25.0,7.0,3.0,,2010-01-04,No,Executive,16.002739726027396
EMP0466,Employee_466,Sales,,,18.0,3.0,Boston,2013-10-27,Unknown,,12.189041095890412
EMP0050,Employee_50,Engineering,86481.8956083955,40.0,11.0,,Austin,2010-05-28,Yes,Mid,15.608219178082193
EMP0420,Employee_420,Finance,78816.55753062721,27.0,17.0,4.0,Seattle,2013-06-11,Yes,Mid,12.567123287671233
EMP0081,Employee_81,Operations,97283.3340008685,33.0,4.0,4.0,Seattle,2010-08-29,Yes,Senior,15.353424657534246
EMP0206,Employee_206,Engineering,75446.85106469766,43.0,13.0,,,2011-09-08,Yes,Mid,14.326027397260274
EMP0035,Employee_35,,126214.95849763976,26.0,5.0,4.0,Chicago,2010-04-13,Yes,Executive,15.73150684931507
EMP0264,Employee_264,Marketing,98924.12729626836,24.0,7.0,,New York,2012-02-29,Yes,Senior,13.849315068493151
EMP0428,Employee_428,Operations,88931.0955302315,45.0,,4.0,Austin,2013-07-05,No,Mid,12.501369863013698
EMP0499,Employee_499,,,,14.0,4.0,,2014-02-03,Yes,,11.917808219178083
EMP0367,Employee_367,,65482.53494045335,60.0,9.0,2.0,Austin,2013-01-03,Yes,Mid,13.002739726027396
EMP0092,Employee_92,Finance,91225.00309087073,45.0,10.0,,,2010-10-01,Unknown,Senior,15.263013698630138
EMP0340,Employee_340,Engineering,81320.33327294642,63.0,2.0,2.0,,2012-10-14,Yes,Mid,13.224657534246575
EMP0053,Employee_53,Operations,50932.35121289691,49.0,,2.0,,2010-06-06,Unknown,Entry,15.583561643835617
EMP0346,Employee_346,HR,65432.54444769936,36.0,1.0,4.0,Boston,2012-11-01,Yes,Mid,13.175342465753424
EMP0265,Employee_265,Operations,121979.1218989069,27.0,11.0,4.0,Austin,2012-03-03,Yes,Executive,13.841095890410958
EMP0242,Employee_242,,82484.26159800704,53.0,7.0,3.0,Boston,2011-12-25,Unknown,Mid,14.03013698630137
EMP0014,Employee_14,Engineering,109756.32623946924,55.0,15.0,4.0,New York,2010-02-09,No,Senior,15.904109589041095
EMP0316,Employee_316,Finance,105980.1845167378,54.0,6.0,2.0,Chicago,2012-08-03,Unknown,Senior,13.421917808219177
EMP0089,Employee_89,Operations,117899.35427002568,61.0,13.0,1.0,New York,2010-09-22,No,Senior,15.287671232876713
EMP0388,Employee_388,Engineering,104451.0889925346,50.0,16.0,3.0,Seattle,2013-03-07,Yes,Senior,12.830136986301369
EMP0274,Employee_274,Operations,82112.79176152115,29.0,,5.0,Boston,2012-03-30,Yes,Mid,13.767123287671232
EMP0167,Employee_167,Sales,108355.64123319616,27.0,17.0,5.0,Chicago,2011-05-14,No,Senior,14.646575342465754
EMP0329,Employee_329,Marketing,84247.30595150303,53.0,17.0,3.0,Austin,2012-09-11,Yes,Mid,13.315068493150685
EMP0307,Employee_307,Marketing,63378.73344800205,58.0,5.0,3.0,Austin,2012-07-07,Unknown,Mid,13.495890410958904
EMP0464,Employee_464,HR,,,16.0,4.0,Boston,2013-10-21,Yes,,12.205479452054794
EMP0320,Employee_320,Sales,97120.1990269128,42.0,14.0,4.0,Seattle,2012-08-15,Unknown,Senior,13.389041095890411
EMP0244,Employee_244,Sales,106883.83036941897,23.0,3.0,4.0,,2011-12-31,No,Senior,14.013698630136986
EMP0055,Employee_55,HR,92681.30897878614,62.0,0.0,4.0,,2010-06-12,Yes,Senior,15.567123287671233
EMP0364,Employee_364,Marketing,56866.77806303556,46.0,4.0,4.0,Seattle,2012-12-25,Yes,Entry,13.027397260273972
EMP0051,Employee_51,,117572.31091142584,37.0,6.0,5.0,,2010-05-31,Yes,Senior,15.6
EMP0481,Employee_481,HR,,,19.0,1.0,Chicago,2013-12-11,Yes,,12.065753424657535
EMP0175,Employee_175,HR,90795.49713792828,56.0,,4.0,Boston,2011-06-07,No,Senior,14.580821917808219
EMP0446,Employee_446,Operations,66626.96107031603,50.0,8.0,4.0,,2013-08-28,No,Mid,12.353424657534246
EMP0190,Employee_190,Sales,40777.2938198423,28.0,,3.0,San Francisco,2011-07-22,No,Entry,14.457534246575342
EMP0188,Employee_188,HR,80617.98942382271,36.0,2.0,5.0,San Francisco,2011-07-16,Unknown,Mid,14.473972602739726
EMP0476,Employee_476,,,,12.0,4.0,San Francisco,2013-11-26,Yes,,12.106849315068493
EMP0170,Employee_170,HR,76762.46067755065,24.0,16.0,2.0,,2011-05-23,Yes,Mid,14.621917808219179
EMP0059,Employee_59,Engineering,58910.609989902936,63.0,11.0,5.0,San Francisco,2010-06-24,Yes,Entry,15.534246575342467
EMP0475,Employee_475,Marketing,,,0.0,2.0,Seattle,2013-11-23,Yes,,12.115068493150686
EMP0049,Employee_49,Marketing,115047.14104192056,45.0,0.0,4.0,San Francisco,2010-05-25,Yes,Senior,15.616438356164384
EMP0345,Employee_345,Sales,88916.90510195363,42.0,,4.0,Chicago,2012-10-29,Yes,Mid,13.183561643835617
EMP0236,Employee_236,Finance,94429.36714271992,43.0,1.0,3.0,San Francisco,2011-12-07,Unknown,Senior,14.07945205479452
EMP0022,Employee_22,Engineering,82152.41029957413,32.0,8.0,2.0,Austin,2010-03-05,No,Mid,15.838356164383562
EMP0314,Employee_314,,81301.95727114021,50.0,2.0,5.0,,2012-07-28,Unknown,Mid,13.438356164383562
EMP0460,Employee_460,Engineering,,29.0,7.0,,New York,2013-10-09,Yes,,12.238356164383562
EMP0161,Employee_161,Sales,96541.4425436108,49.0,9.0,5.0,New York,2011-04-26,Yes,Senior,14.695890410958905
EMP0277,Employee_277,Finance,84344.93459568004,41.0,5.0,,New York,2012-04-08,Unknown,Mid,13.742465753424657
EMP0444,Employee_444,Sales,79364.30782278985,22.0,12.0,3.0,Chicago,2013-08-22,Yes,Mid,12.36986301369863
EMP0192,Employee_192,Operations,100417.30387773934,50.0,2.0,3.0,Austin,2011-07-28,Unknown,Senior,14.441095890410958
EMP0386,Employee_386,Finance,73750.66448211465,37.0,6.0,,New York,2013-03-01,Unknown,Mid,12.846575342465753
EMP0294,Employee_294,Sales,110431.10189988316,33.0,3.0,3.0,Austin,2012-05-29,Unknown,Senior,13.602739726027398
EMP0414,Employee_414,HR,85595.12278991491,58.0,12.0,3.0,Seattle,2013-05-24,No,Mid,12.616438356164384
EMP0492,Employee_492,HR,,,18.0,2.0,,2014-01-13,Unknown,,11.975342465753425
EMP0344,Employee_344,Marketing,69433.90549195374,61.0,12.0,3.0,New York,2012-10-26,No,Mid,13.191780821917808
EMP0258,Employee_258,Finance,54937.14093763787,47.0,15.0,2.0,,2012-02-11,No,Entry,13.898630136986302
EMP0150,Employee_150,Sales,85947.97342632827,50.0,9.0,4.0,San Francisco,2011-03-24,No,Mid,14.786301369863013
EMP0131,Employee_131,Marketing,95018.34375248762,32.0,12.0,3.0,Austin,2011-01-26,No,Senior,14.942465753424658
EMP0152,Employee_152,Sales,77308.8891154035,53.0,7.0,2.0,San Francisco,2011-03-30,Yes,Mid,14.76986301369863
EMP0360,Employee_360,HR,70485.12373693069,59.0,10.0,2.0,Boston,2012-12-13,Yes,Mid,13.06027397260274
EMP0100,Employee_100,Engineering,56554.92580804652,53.0,3.0,3.0,New York,2010-10-25,Yes,Entry,15.197260273972603
EMP0373,Employee_373,Engineering,67832.84439637573,56.0,18.0,4.0,Boston,2013-01-21,Unknown,Mid,12.953424657534246
EMP0088,Employee_88,HR,112337.48534889048,38.0,5.0,4.0,Austin,2010-09-19,Unknown,Senior,15.295890410958904
EMP0459,Employee_459,Engineering,,47.0,1.0,4.0,New York,2013-10-06,Yes,,12.246575342465754
EMP0331,Employee_331,Sales,87284.55297324079,57.0,1.0,5.0,Seattle,2012-09-17,Yes,Mid,13.2986301369863
EMP0215,Employee_215,Finance,100139.77233290704,39.0,0.0,4.0,Austin,2011-10-05,Unknown,Senior,14.252054794520548
EMP0467,Employee_467,Sales,,,4.0,3.0,Austin,2013-10-30,No,,12.180821917808219
EMP0122,Employee_122,Operations,67720.18460640368,39.0,1.0,3.0,Austin,2010-12-30,Unknown,Mid,15.016438356164384
EMP0021,Employee_21,HR,63647.59141234811,26.0,0.0,4.0,New York,2010-03-02,Unknown,Mid,15.846575342465753
EMP0107,Employee_107,Marketing,86547.36615295237,43.0,18.0,1.0,Austin,2010-11-15,No,Mid,15.139726027397261
EMP0271,Employee_271,Finance,85278.58583825892,53.0,7.0,3.0,Austin,2012-03-21,Yes,Mid,13.791780821917808
EMP0436,Employee_436,Finance,113186.9488037116,44.0,7.0,2.0,Seattle,2013-07-29,No,Senior,12.435616438356165
EMP0103,Employee_103,Sales,118742.83270145128,36.0,14.0,4.0,Seattle,2010-11-03,Yes,Senior,15.172602739726027
