employee_id,name,department,salary,age,years_experience,performance_score,city,hire_date,remote_work
EMP0311,Employee_311,Marketing,91522.66044484236,49.0,9,4,Chicago,2012-07-19,No
EMP0391,Employee_391,,70457.25648350263,51.0,19,5,New York,2013-03-16,no
EMP0007,Employee_7,Engineering,58595.335859587154,62.0,3,2,Austin,2010-01-19,Yes
EMP0185,Employee_185,Sales,85368.36758379103,38.0,13,3,Seattle,2011-07-07,No
EMP0079,Employee_79,Sales,82753.4390061834,34.0,1,2,Seattle,2010-08-23,no
EMP0408,Employee_408,Engineering,59465.02848359381,36.0,14,2,,2013-05-06,YES
EMP0099,Employee_99,Engineering,69872.98509431393,62.0,14,3,,2010-10-22,N/A
EMP0488,Employee_488,Sales,,,14,3,Boston,2014-01-01,YES
EMP0118,Employee_118,Engineering,96259.38473381141,31.0,15,4,Chicago,2010-12-18,YES
EMP0138,Employee_138,Finance,96411.97337186319,47.0,3,4,San Francisco,2011-02-16,yes
EMP0011,Employee_11,Engineering,50737.30941818245,30.0,15,4,Boston,2010-01-31,Yes
EMP0462,Employee_462,HR,472765.0069955447,150.0,16,4,Boston,2013-10-15,YES
EMP0076,Employee_76,Finance,85705.27103943458,57.0,,2,Boston,2010-08-14,
EMP0440,Employee_440,Engineering,114067.68954235403,37.0,5,5,San Francisco,2013-08-10,YES
EMP0480,Employee_480,Marketing,,,4,1,Chicago,2013-12-08,yes
EMP0141,Employee_141,,52449.151242336746,50.0,11,5,,2011-02-25,Yes
EMP0003,Employee_3,Finance,104008.476763721,35.0,16,4,Seattle,2010-01-07,No
EMP0156,Employee_156,Sales,62405.86290684764,43.0,3,1,,2011-04-11,
EMP0377,Employee_377,Operations,136201.69076537588,61.0,8,5,Austin,2013-02-02,Yes
EMP0132,Employee_132,Sales,65448.89510402898,54.0,6,3,New York,2011-01-29,
EMP0072,Employee_72,Engineering,64295.153551612515,51.0,7,1,Austin,2010-08-02,Yes
EMP0281,Employee_281,Operations,79900.45565158289,37.0,3,4,Austin,2012-04-20,N/A
EMP0292,Employee_292,Engineering,120045.40886847246,33.0,2,5,Boston,2012-05-23,Yes
EMP0282,Employee_282,Sales,115079.85977165378,25.0,0,4,,2012-04-23,N/A
EMP0334,Employee_334,Engineering,83861.08752557865,23.0,13,3,Chicago,2012-09-26,no
EMP0288,Employee_288,Marketing,77571.18268008417,63.0,1,2,Boston,2012-05-11,No
EMP0251,Employee_251,Sales,101463.41167923828,34.0,11,4,Austin,2012-01-21,Yes
EMP0465,Employee_465,,318842.9736787618,,12,1,Austin,2013-10-24,Yes
EMP0437,Employee_437,Engineering,130977.962472385,59.0,2,5,Chicago,2013-08-01,
EMP0064,Employee_64,Sales,63815.729562220964,26.0,13,3,Seattle,2010-07-09,YES
EMP0253,Employee_253,Operations,59200.782005178924,43.0,15,3,Chicago,2012-01-27,No
EMP0056,Employee_56,Operations,84346.10503811814,34.0,16,5,Boston,2010-06-15,Yes
EMP0375,Employee_375,Engineering,73487.24347524453,26.0,2,4,San Francisco,2013-01-27,N/A
EMP0339,Employee_339,Marketing,88417.30876255884,60.0,19,5,Chicago,2012-10-11,no
EMP0031,Employee_31,HR,116023.03951045046,27.0,1,3,Chicago,2010-04-01,Yes
EMP0074,Employee_74,Operations,61042.44214822303,52.0,1,4,Seattle,2010-08-08,N/A
EMP0333,Employee_333,Engineering,77727.75575572289,57.0,3,3,San Francisco,2012-09-23,no
EMP0069,Employee_69,Engineering,74394.84763255119,31.0,8,4,New York,2010-07-24,Yes
EMP0010,Employee_10,Finance,75616.4869579059,50.0,18,4,Boston,2010-01-28,N/A
EMP0080,Employee_80,Engineering,80580.60800933554,50.0,15,4,Austin,2010-08-26,yes
EMP0102,Employee_102,HR,63369.0399277121,49.0,18,5,New York,2010-10-31,No
EMP0105,Employee_105,Operations,84840.54717366766,58.0,,3,Boston,2010-11-09,no
EMP0278,Employee_278,HR,74131.5045773247,28.0,19,2,Boston,2012-04-11,
EMP0133,Employee_133,Engineering,86986.64610858452,27.0,16,2,Seattle,2011-02-01,
EMP0439,Employee_439,Finance,76089.94957198456,44.0,19,5,San Francisco,2013-08-07,No
EMP0326,Employee_326,Finance,83065.73776259215,49.0,17,5,Austin,2012-09-02,Yes
EMP0073,Employee_73,Engineering,73927.01389305636,60.0,15,3,Chicago,2010-08-05,no
EMP0229,Employee_229,Operations,133915.0395923365,45.0,17,2,Boston,2011-11-16,YES
EMP0358,Employee_358,HR,85521.82100421668,58.0,17,2,,2012-12-07,no
EMP0078,Employee_78,Engineering,89279.59821468443,35.0,4,5,Boston,2010-08-20,YES
EMP0286,Employee_286,Engineering,43532.195351837014,24.0,8,5,Austin,2012-05-05,No
EMP0091,Employee_91,Engineering,96531.13926111533,55.0,11,2,Boston,2010-09-28,yes
EMP0433,Employee_433,HR,86645.67978550849,60.0,19,5,San Francisco,2013-07-20,Yes
EMP0144,Employee_144,Sales,66913.66749791183,56.0,14,4,New York,2011-03-06,
EMP0219,Employee_219,HR,93268.69806447401,59.0,3,,New York,2011-10-17,Yes
EMP0211,Employee_211,Marketing,79602.50129413257,34.0,3,3,New York,2011-09-23,no
EMP0125,Employee_125,Sales,90409.13651559678,33.0,3,1,,2011-01-08,yes
EMP0181,Employee_181,Sales,44237.50929644292,37.0,6,4,Chicago,2011-06-25,no
EMP0463,Employee_463,Finance,318113.0007874342,200.0,14,3,Boston,2013-10-18,No
EMP0350,Employee_350,HR,94451.94964826087,29.0,3,3,New York,2012-11-13,N/A
EMP0337,Employee_337,Operations,58036.291557885736,57.0,15,2,,2012-10-05,no
EMP0235,Employee_235,Engineering,69190.51089109376,37.0,11,2,Austin,2011-12-04,no
EMP0319,Employee_319,Engineering,53867.41652952193,51.0,8,3,New York,2012-08-12,
EMP0381,Employee_381,Engineering,84300.23019006077,52.0,15,3,,2013-02-14,yes
EMP0071,Employee_71,Finance,82859.39280090884,64.0,,3,Chicago,2010-07-30,yes
EMP0399,Employee_399,Finance,96195.8089586208,22.0,2,,Boston,2013-04-09,No
EMP0149,Employee_149,Engineering,71963.27784395682,50.0,14,3,Boston,2011-03-21,YES
EMP0085,Employee_85,Sales,79498.96605696713,34.0,14,4,Seattle,2010-09-10,Yes
EMP0064,Employee_64,Sales,63815.729562220964,26.0,13,3,Seattle,2010-07-09,YES
EMP0362,Employee_362,HR,69892.34135293355,35.0,18,3,,2012-12-19,YES
EMP0090,Employee_90,Marketing,80019.27920887244,52.0,17,4,,2010-09-25,Yes
EMP0246,Employee_246,Operations,115591.00638921227,54.0,12,1,Boston,2012-01-06,yes
EMP0178,Employee_178,Sales,78479.52935664318,33.0,4,4,Austin,2011-06-16,Yes
EMP0034,Employee_34,Operations,86350.36962820218,49.0,3,5,San Francisco,2010-04-10,yes
EMP0077,Employee_77,Finance,71005.4898401483,23.0,11,3,San Francisco,2010-08-17,Yes
EMP0083,Employee_83,Sales,74389.97704778945,23.0,11,2,New York,2010-09-04,YES
EMP0001,Employee_1,Sales,91835.11951554319,30.0,14,,Boston,2010-01-01,
EMP0012,Employee_12,,112077.44748330826,24.0,13,1,Chicago,2010-02-03,N/A
EMP0248,Employee_248,,76462.3786010516,34.0,15,5,Austin,2012-01-12,no
EMP0023,Employee_23,Sales,87405.91263423797,55.0,15,3,Seattle,2010-03-08,Yes
EMP0254,Employee_254,Sales,59098.42455872768,60.0,11,2,,2012-01-30,no
EMP0427,Employee_427,Marketing,113939.55768707466,41.0,10,1,Austin,2013-07-02,no
EMP0226,Employee_226,Sales,83888.3065817909,29.0,7,5,New York,2011-11-07,yes
EMP0125,Employee_125,Sales,90409.13651559678,33.0,3,1,,2011-01-08,yes
EMP0159,Employee_159,Sales,35567.109997454216,24.0,3,3,Seattle,2011-04-20,
EMP0453,Employee_453,Marketing,399216.1199238292,47.0,0,4,Seattle,2013-09-18,YES
EMP0019,Employee_19,Marketing,75998.69057041513,61.0,5,4,San Francisco,2010-02-24,
EMP0183,Employee_183,Operations,47584.16157948288,29.0,9,1,Austin,2011-07-01,Yes
EMP0336,Employee_336,Engineering,50796.63214686749,55.0,13,3,,2012-10-02,Yes
EMP0016,Employee_16,Engineering,73012.49954092455,63.0,8,,San Francisco,2010-02-15,No
EMP0387,Employee_387,Sales,97648.15478111042,31.0,7,2,,2013-03-04,no
EMP0040,Employee_40,Marketing,112372.63115064698,50.0,12,5,San Francisco,2010-04-28,no
EMP0486,Employee_486,Operations,,,10,5,Seattle,2013-12-26,N/A
EMP0047,Employee_47,Sales,79611.86331110884,54.0,,4,New York,2010-05-19,
EMP0094,Employee_94,HR,107391.49822869153,27.0,,3,Boston,2010-10-07,
EMP0168,Employee_168,Engineering,90088.41686602426,40.0,4,3,Seattle,2011-05-17,
EMP0210,Employee_210,Engineering,74799.67202290506,32.0,0,3,Chicago,2011-09-20,YES
EMP0371,Employee_371,Engineering,94866.35801761778,49.0,14,5,San Francisco,2013-01-15,YES
EMP0378,Employee_378,Engineering,83078.80200550701,33.0,13,4,Seattle,2013-02-05,yes
EMP0290,Employee_290,HR,69443.66624818249,32.0,0,4,Chicago,2012-05-17,no
EMP0469,Employee_469,Sales,421025.21239949274,,0,1,New York,2013-11-05,Yes
EMP0413,Employee_413,,85566.36752260922,30.0,0,4,Chicago,2013-05-21,No
EMP0303,Employee_303,Marketing,99219.19936406983,27.0,11,4,Chicago,2012-06-25,YES
EMP0432,Employee_432,Finance,102792.61591246874,50.0,1,1,,2013-07-17,yes
EMP0154,Employee_154,Marketing,73462.16260953703,35.0,16,3,Austin,2011-04-05,
EMP0221,Employee_221,HR,69524.21601792854,32.0,16,3,Seattle,2011-10-23,Yes
EMP0070,Employee_70,,69142.54335475311,53.0,2,2,,2010-07-27,no
EMP0363,Employee_363,Marketing,72769.64394016104,60.0,18,4,San Francisco,2012-12-22,No
EMP0484,Employee_484,HR,,,13,2,San Francisco,2013-12-20,N/A
EMP0174,Employee_174,Sales,76580.31038359474,55.0,0,3,San Francisco,2011-06-04,No
EMP0353,Employee_353,HR,118309.48888925153,44.0,12,2,Seattle,2012-11-22,
EMP0232,Employee_232,Marketing,99515.33247797383,33.0,2,1,Austin,2011-11-25,no
EMP0212,Employee_212,Finance,65424.72568435385,38.0,2,4,New York,2011-09-26,YES
EMP0193,Employee_193,Operations,55428.27508440317,45.0,9,4,Boston,2011-07-31,
EMP0447,Employee_447,,64917.184664958644,53.0,16,4,Austin,2013-08-31,no
EMP0325,Employee_325,,89220.34934405237,25.0,2,5,New York,2012-08-30,no
EMP0223,Employee_223,Engineering,49425.59502191443,54.0,4,2,Boston,2011-10-29,
EMP0155,Employee_155,,101713.84224130283,41.0,4,1,Austin,2011-04-08,No
EMP0423,Employee_423,Engineering,110115.12251147041,54.0,3,2,Boston,2013-06-20,YES
EMP0177,Employee_177,Finance,102422.49406863385,45.0,15,2,Austin,2011-06-13,
EMP0361,Employee_361,Sales,88735.33528954157,62.0,1,5,,2012-12-16,yes
EMP0416,Employee_416,Marketing,74679.10543565253,47.0,17,4,Seattle,2013-05-30,
EMP0205,Employee_205,HR,86431.32474438785,59.0,12,4,Austin,2011-09-05,no
EMP0341,Employee_341,Marketing,85368.67866130786,33.0,2,3,Boston,2012-10-17,No
EMP0279,Employee_279,Finance,70743.08434645672,32.0,1,3,Chicago,2012-04-14,no
EMP0456,Employee_456,Marketing,383740.9746083302,51.0,7,2,Boston,2013-09-27,N/A
EMP0365,Employee_365,Operations,66535.33507778191,41.0,18,3,Boston,2012-12-28,yes
EMP0087,Employee_87,Finance,54696.17875602895,62.0,15,1,Austin,2010-09-16,
EMP0434,Employee_434,Engineering,106309.60750130702,52.0,15,4,San Francisco,2013-07-23,N/A
EMP0196,Employee_196,Sales,76694.24172198397,36.0,16,1,Seattle,2011-08-09,YES
EMP0407,Employee_407,Sales,90431.57674390747,49.0,5,4,,2013-05-03,Yes
EMP0020,Employee_20,Sales,97456.99864694997,46.0,8,5,Boston,2010-02-27,Yes
EMP0349,Employee_349,Sales,105583.11274651287,47.0,1,5,New York,2012-11-10,yes
EMP0057,Employee_57,Engineering,43651.15799920247,64.0,16,2,New York,2010-06-18,no
EMP0372,Employee_372,Engineering,88696.72247389748,23.0,8,5,Seattle,2013-01-18,No
EMP0348,Employee_348,Engineering,50948.32791524319,56.0,,3,New York,2012-11-07,No
EMP0479,Employee_479,,,,16,3,Seattle,2013-12-05,yes
EMP0249,Employee_249,,64757.91249479665,51.0,9,3,,2012-01-15,
EMP0026,Employee_26,Finance,62507.15816324262,59.0,,3,Boston,2010-03-17,no
EMP0452,Employee_452,HR,300082.29796306044,22.0,15,4,Austin,2013-09-15,No
EMP0043,Employee_43,Engineering,106168.48973699176,55.0,12,3,,2010-05-07,yes
EMP0474,Employee_474,Operations,381646.5908877755,,10,3,,2013-11-20,yes
EMP0262,Employee_262,,83914.10266964376,61.0,4,3,Austin,2012-02-23,YES
EMP0173,Employee_173,Marketing,92889.04284756594,36.0,1,3,Boston,2011-06-01,no
EMP0291,Employee_291,Engineering,62788.483090683425,39.0,10,3,Seattle,2012-05-20,no
EMP0127,Employee_127,Operations,80221.0390626718,56.0,6,3,,2011-01-14,
EMP0343,Employee_343,Engineering,74204.80639381277,39.0,5,3,,2012-10-23,Yes
EMP0032,Employee_32,Engineering,87313.49268585717,58.0,5,2,San Francisco,2010-04-04,Yes
EMP0114,Employee_114,Finance,57344.00538071328,38.0,13,4,Boston,2010-12-06,Yes
EMP0230,Employee_230,HR,87584.42363950454,62.0,2,5,Seattle,2011-11-19,No
EMP0228,Employee_228,Sales,62490.21905403247,43.0,7,3,San Francisco,2011-11-13,Yes
EMP0430,Employee_430,Engineering,55288.79253926056,55.0,,5,San Francisco,2013-07-11,
EMP0058,Employee_58,Engineering,83217.59920974424,46.0,2,3,San Francisco,2010-06-21,yes
EMP0382,Employee_382,Finance,120416.0127127102,32.0,15,3,Austin,2013-02-17,no
EMP0025,Employee_25,Marketing,99232.2975617778,36.0,8,2,Seattle,2010-03-14,YES
EMP0018,Employee_18,Marketing,85939.61187529484,36.0,17,4,Chicago,2010-02-21,
EMP0266,Employee_266,Finance,107531.30059095514,30.0,0,1,Chicago,2012-03-06,YES
EMP0067,Employee_67,Engineering,65285.47907328913,44.0,1,5,Seattle,2010-07-18,YES
EMP0315,Employee_315,Operations,74545.5395896192,36.0,15,3,San Francisco,2012-07-31,YES
EMP0468,Employee_468,Operations,409450.8265553776,,11,3,New York,2013-11-02,YES
EMP0095,Employee_95,Finance,82441.64817038467,40.0,10,2,Boston,2010-10-10,yes
EMP0457,Employee_457,Engineering,293863.89892188506,39.0,,3,,2013-09-30,No
EMP0355,Employee_355,Engineering,48182.515373367096,35.0,12,3,Austin,2012-11-28,No
EMP0024,Employee_24,Sales,95288.77668117498,45.0,12,5,,2010-03-11,
EMP0250,Employee_250,Operations,51902.86656268461,54.0,15,1,Chicago,2012-01-18,Yes
EMP0273,Employee_273,Operations,88961.6952153571,33.0,0,4,,2012-03-27,Yes
EMP0301,Employee_301,Engineering,80193.4920368373,53.0,19,2,Seattle,2012-06-19,YES
EMP0006,Employee_6,Engineering,94838.38343013011,32.0,13,2,Chicago,2010-01-16,yes
EMP0117,Employee_117,Finance,57028.64852361717,38.0,7,4,Seattle,2010-12-15,N/A
EMP0046,Employee_46,HR,44215.35644479799,34.0,6,4,New York,2010-05-16,Yes
EMP0500,Employee_500,,,,15,,,2014-02-06,Yes
EMP0395,Employee_395,Sales,88554.02001866508,41.0,6,5,New York,2013-03-28,No
EMP0017,Employee_17,Sales,85104.87399436366,30.0,1,4,,2010-02-18,No
EMP0490,Employee_490,Operations,,,6,5,Seattle,2014-01-07,
EMP0376,Employee_376,Sales,87440.19629290723,22.0,,3,New York,2013-01-30,
EMP0004,Employee_4,HR,73461.92688675194,58.0,11,4,Boston,2010-01-10,No
EMP0489,Employee_489,,,,18,3,,2014-01-04,YES
EMP0449,Employee_449,Sales,84306.30225226437,26.0,8,3,Seattle,2013-09-06,No
EMP0061,Employee_61,Sales,92331.96492193696,48.0,10,4,Austin,2010-06-30,No
EMP0111,Employee_111,Sales,64255.07691347087,57.0,15,2,Boston,2010-11-27,yes
EMP0335,Employee_335,Engineering,91156.03537784118,36.0,0,5,Austin,2012-09-29,
EMP0275,Employee_275,Marketing,73526.75986239528,29.0,15,3,Chicago,2012-04-02,N/A
EMP0030,Employee_30,Engineering,70030.26926886893,39.0,3,5,,2010-03-29,yes
EMP0366,Employee_366,Sales,57966.30788767333,23.0,1,3,Seattle,2012-12-31,yes
EMP0186,Employee_186,HR,118528.74624550565,50.0,12,3,Austin,2011-07-10,no
EMP0027,Employee_27,Engineering,54317.716585287555,29.0,12,3,,2010-03-20,Yes
EMP0008,Employee_8,Operations,121629.17531708707,24.0,0,4,Chicago,2010-01-22,no
EMP0182,Employee_182,Engineering,64838.27378165192,48.0,10,,San Francisco,2011-06-28,N/A
EMP0478,Employee_478,HR,,,2,2,Chicago,2013-12-02,No
EMP0109,Employee_109,Sales,115462.48154539315,41.0,13,3,Chicago,2010-11-21,Yes
EMP0038,Employee_38,Engineering,104431.4190190871,61.0,1,5,,2010-04-22,no
EMP0158,Employee_158,Finance,113831.37241315801,48.0,18,3,Austin,2011-04-17,no
EMP0494,Employee_494,Engineering,,,4,2,Boston,2014-01-19,no
EMP0119,Employee_119,Operations,71987.14861756346,22.0,9,4,Chicago,2010-12-21,YES
EMP0115,Employee_115,HR,103523.55095063282,33.0,14,1,Seattle,2010-12-09,no
EMP0272,Employee_272,Operations,84517.49825779993,62.0,6,2,Boston,2012-03-24,yes
EMP0176,Employee_176,Engineering,126508.01597290878,46.0,16,4,Seattle,2011-06-10,No
EMP0209,Employee_209,Engineering,105750.79888515799,29.0,4,1,San Francisco,2011-09-17,yes
EMP0204,Employee_204,Operations,67878.32348182265,30.0,6,1,Boston,2011-09-02,N/A
EMP0145,Employee_145,Sales,97771.84917554748,34.0,12,4,New York,2011-03-09,No
EMP0195,Employee_195,Sales,91769.92814988828,41.0,8,3,Boston,2011-08-06,No
EMP0389,Employee_389,Finance,97436.19924434392,31.0,4,1,,2013-03-10,YES
EMP0401,Employee_401,Engineering,101678.44309097808,49.0,13,3,New York,2013-04-15,No
EMP0424,Employee_424,Marketing,67107.85395560993,35.0,16,1,San Francisco,2013-06-23,N/A
EMP0498,Employee_498,Engineering,,,5,3,Chicago,2014-01-31,YES
EMP0403,Employee_403,Marketing,83596.68577082705,58.0,4,3,New York,2013-04-21,yes
EMP0470,Employee_470,,321462.6853125262,,4,2,Seattle,2013-11-08,YES
EMP0142,Employee_142,Sales,85961.69893322764,25.0,12,4,Chicago,2011-02-28,Yes
EMP0385,Employee_385,Finance,99155.0387091095,35.0,3,3,San Francisco,2013-02-26,YES
EMP0068,Employee_68,Finance,95080.93031035688,63.0,13,4,New York,2010-07-21,YES
EMP0278,Employee_278,HR,74131.5045773247,28.0,19,2,Boston,2012-04-11,
EMP0169,Employee_169,Engineering,91752.05324150404,26.0,14,3,New York,2011-05-20,no
EMP0189,Employee_189,Marketing,101588.11162366979,48.0,6,3,Austin,2011-07-19,YES
EMP0462,Employee_462,HR,472765.0069955447,150.0,16,4,Boston,2013-10-15,YES
EMP0396,Employee_396,Operations,58293.11282579797,29.0,17,4,,2013-03-31,N/A
EMP0238,Employee_238,Engineering,111908.40092309956,41.0,16,2,Boston,2011-12-13,No
EMP0194,Employee_194,HR,107875.08086413858,24.0,6,1,,2011-08-03,Yes
EMP0082,Employee_82,HR,100150.1542009461,60.0,14,4,San Francisco,2010-09-01,no
EMP0110,Employee_110,Engineering,95778.20087369317,53.0,3,4,Austin,2010-11-24,
EMP0461,Employee_461,Engineering,364458.4321953909,-5.0,7,4,Seattle,2013-10-12,Yes
EMP0146,Employee_146,Engineering,51769.598754620805,62.0,,2,,2011-03-12,YES
EMP0093,Employee_93,Finance,146577.61616910476,56.0,12,3,San Francisco,2010-10-04,No
EMP0153,Employee_153,Engineering,105125.85618428882,23.0,15,3,Chicago,2011-04-02,YES
EMP0245,Employee_245,Engineering,51150.707405703615,54.0,4,4,Chicago,2012-01-03,No
EMP0415,Employee_415,HR,103765.67611951995,41.0,,3,,2013-05-27,Yes
EMP0431,Employee_431,Engineering,90341.00531738518,46.0,3,3,New York,2013-07-14,yes
EMP0084,Employee_84,Engineering,73483.6351871064,53.0,3,3,New York,2010-09-07,No
EMP0104,Employee_104,Marketing,102632.79513898901,51.0,3,3,Chicago,2010-11-06,YES
EMP0166,Employee_166,Operations,81886.45529215841,41.0,0,2,Chicago,2011-05-11,Yes
EMP0164,Employee_164,Marketing,72920.29626568359,37.0,3,5,Boston,2011-05-05,N/A
EMP0200,Employee_200,Finance,89964.41172600671,28.0,18,4,Boston,2011-08-21,Yes
EMP0256,Employee_256,HR,118380.43050578787,59.0,19,4,Austin,2012-02-05,No
EMP0075,Employee_75,Finance,124294.50265832778,39.0,5,,Austin,2010-08-11,Yes
EMP0324,Employee_324,Sales,118929.12736580076,58.0,1,2,Austin,2012-08-27,yes
EMP0239,Employee_239,HR,116863.73253278794,54.0,2,5,Austin,2011-12-16,no
EMP0497,Employee_497,HR,,,9,5,San Francisco,2014-01-28,no
EMP0120,Employee_120,Marketing,75257.49232470608,43.0,3,4,San Francisco,2010-12-24,No
EMP0305,Employee_305,Finance,77780.6766836184,40.0,16,5,New York,2012-07-01,YES
EMP0313,Employee_313,Engineering,103480.54038413802,56.0,5,2,,2012-07-25,No
EMP0267,Employee_267,Finance,79622.22618890338,27.0,,1,San Francisco,2012-03-09,no
EMP0105,Employee_105,Operations,84840.54717366766,58.0,,3,Boston,2010-11-09,no
EMP0422,Employee_422,Finance,75425.02756673045,26.0,12,5,Boston,2013-06-17,Yes
EMP0493,Employee_493,Sales,,,10,4,Chicago,2014-01-16,No
EMP0306,Employee_306,,108186.59606728496,43.0,9,5,Austin,2012-07-04,
EMP0393,Employee_393,Sales,83511.33141799907,22.0,3,5,New York,2013-03-22,no
EMP0438,Employee_438,Operations,77743.22879120681,41.0,8,4,San Francisco,2013-08-04,Yes
EMP0404,Employee_404,Operations,51780.78132968017,58.0,4,5,Chicago,2013-04-24,
EMP0285,Employee_285,HR,109921.70384995258,47.0,1,3,San Francisco,2012-05-02,No
EMP0287,Employee_287,Marketing,78146.24811839302,62.0,,4,Seattle,2012-05-08,Yes
EMP0037,Employee_37,Sales,80020.71703041853,38.0,5,5,New York,2010-04-19,No
EMP0197,Employee_197,Finance,97655.6373221257,46.0,10,1,San Francisco,2011-08-12,
EMP0140,Employee_140,,48902.35798670962,55.0,0,,Boston,2011-02-22,YES
EMP0384,Employee_384,Operations,121248.97115993858,24.0,3,4,San Francisco,2013-02-23,
EMP0263,Employee_263,Engineering,80381.30939582644,32.0,19,3,Boston,2012-02-26,yes
EMP0298,Employee_298,Engineering,94787.49122455835,57.0,10,2,New York,2012-06-10,yes
EMP0299,Employee_299,HR,60557.44382216109,29.0,14,5,Chicago,2012-06-13,No
EMP0060,Employee_60,Sales,98393.45097660077,57.0,5,4,Austin,2010-06-27,N/A
EMP0112,Employee_112,Engineering,81193.22643832784,25.0,,4,,2010-11-30,
EMP0276,Employee_276,Marketing,74062.82117519216,49.0,11,4,Boston,2012-04-05,no
EMP0269,Employee_269,Sales,136467.1960649972,60.0,5,5,New York,2012-03-15,N/A
EMP0412,Employee_412,,98630.01394745249,23.0,4,3,Seattle,2013-05-18,YES
EMP0151,Employee_151,Operations,67791.73269432095,32.0,9,4,Chicago,2011-03-27,
EMP0296,Employee_296,Marketing,62418.96457565542,46.0,5,2,Chicago,2012-06-04,No
EMP0039,Employee_39,Finance,97907.51899170295,53.0,17,5,Chicago,2010-04-25,no
EMP0330,Employee_330,Sales,107066.03764033043,62.0,9,3,Boston,2012-09-14,No
EMP0199,Employee_199,Operations,88637.3251011699,35.0,13,2,San Francisco,2011-08-18,YES
EMP0451,Employee_451,Finance,427525.02464070386,55.0,1,4,,2013-09-12,No
EMP0147,Employee_147,HR,83678.40402705366,60.0,8,3,Chicago,2011-03-15,no
EMP0031,Employee_31,HR,116023.03951045046,27.0,1,3,Chicago,2010-04-01,Yes
EMP0148,Employee_148,Marketing,60779.676004750865,36.0,8,5,Austin,2011-03-18,N/A
EMP0322,Employee_322,Finance,120095.8836396873,45.0,2,1,,2012-08-21,no
EMP0300,Employee_300,Engineering,99259.96860344776,50.0,4,4,New York,2012-06-16,N/A
EMP0124,Employee_124,Engineering,68380.99767177925,50.0,12,3,Chicago,2011-01-05,No
EMP0454,Employee_454,Operations,339300.55778872455,64.0,9,3,Boston,2013-09-21,no
EMP0097,Employee_97,Marketing,52871.07359484855,28.0,14,5,New York,2010-10-16,Yes
EMP0144,Employee_144,Sales,66913.66749791183,56.0,14,4,New York,2011-03-06,
EMP0240,Employee_240,Engineering,74775.68647137629,31.0,1,5,San Francisco,2011-12-19,No
EMP0332,Employee_332,Finance,88006.03522923755,55.0,0,3,Austin,2012-09-20,N/A
EMP0098,Employee_98,Marketing,89069.27271734446,31.0,,,,2010-10-19,no
EMP0417,Employee_417,Sales,86922.41553881967,50.0,12,1,Austin,2013-06-02,N/A
EMP0369,Employee_369,Engineering,66012.02222336114,38.0,10,3,Seattle,2013-01-09,No
EMP0123,Employee_123,Sales,85970.43255889654,35.0,16,5,Chicago,2011-01-02,no
EMP0184,Employee_184,Operations,77969.73031917383,46.0,8,1,Seattle,2011-07-04,no
EMP0203,Employee_203,Engineering,101606.71633088491,57.0,9,5,Chicago,2011-08-30,No
EMP0247,Employee_247,Marketing,81839.84202842021,62.0,14,3,Chicago,2012-01-09,N/A
EMP0321,Employee_321,Marketing,59391.41295007434,52.0,,5,,2012-08-18,YES
EMP0312,Employee_312,Engineering,59977.72847229394,31.0,13,4,Seattle,2012-07-22,
EMP0370,Employee_370,Engineering,137647.6412967478,46.0,17,4,San Francisco,2013-01-12,N/A
EMP0495,Employee_495,Marketing,,,4,3,Austin,2014-01-22,N/A
EMP0418,Employee_418,Sales,75754.49422589915,22.0,,5,Austin,2013-06-05,yes
EMP0297,Employee_297,Finance,74509.59467440452,40.0,2,2,Boston,2012-06-07,
EMP0126,Employee_126,Marketing,83995.23781101726,57.0,10,1,New York,2011-01-11,no
EMP0317,Employee_317,Marketing,70913.12618914482,28.0,19,1,Seattle,2012-08-06,
EMP0224,Employee_224,Sales,114920.88622978366,59.0,11,2,Boston,2011-11-01,yes
EMP0441,Employee_441,Engineering,116591.44291461425,63.0,9,4,Boston,2013-08-13,no
EMP0220,Employee_220,Operations,122535.91625116131,53.0,12,4,Boston,2011-10-20,N/A
EMP0130,Employee_130,Marketing,100107.82451651512,50.0,6,4,San Francisco,2011-01-23,YES
EMP0443,Employee_443,Sales,76596.26365808285,42.0,9,3,,2013-08-19,no
EMP0302,Employee_302,Marketing,77503.58384900805,39.0,9,3,San Francisco,2012-06-22,No
EMP0406,Employee_406,Operations,89153.75374326222,58.0,,4,San Francisco,2013-04-30,yes
EMP0398,Employee_398,Marketing,97211.71490567646,33.0,19,1,Boston,2013-04-06,YES
EMP0429,Employee_429,Sales,105636.8907893727,64.0,19,,Seattle,2013-07-08,YES
EMP0374,Employee_374,Finance,99006.19758817983,58.0,8,4,Chicago,2013-01-24,no
EMP0308,Employee_308,Sales,97318.71213888528,53.0,17,,San Francisco,2012-07-10,
EMP0295,Employee_295,Engineering,99433.4412808647,34.0,17,,,2012-06-01,Yes
EMP0458,Employee_458,Marketing,369120.48730920255,38.0,10,3,New York,2013-10-03,yes
EMP0357,Employee_357,Engineering,72503.62844608643,23.0,19,1,Boston,2012-12-04,no
EMP0113,Employee_113,Operations,67487.63493230485,48.0,19,3,New York,2010-12-03,
EMP0180,Employee_180,Engineering,76838.49253956898,36.0,2,4,Boston,2011-06-22,N/A
EMP0323,Employee_323,HR,43361.41184232556,41.0,1,4,Austin,2012-08-24,YES
EMP0356,Employee_356,HR,59408.460665285966,35.0,13,4,Boston,2012-12-01,
EMP0347,Employee_347,HR,93165.05511428944,54.0,7,4,New York,2012-11-04,Yes
EMP0231,Employee_231,Finance,87187.89589209786,38.0,11,4,Boston,2011-11-22,No
EMP0394,Employee_394,Finance,97413.44195101356,26.0,5,3,Boston,2013-03-25,no
EMP0234,Employee_234,Marketing,89477.68048558263,36.0,1,4,Austin,2011-12-01,N/A
EMP0472,Employee_472,,373570.7778193202,,12,,New York,2013-11-14,YES
EMP0477,Employee_477,Engineering,,,18,3,San Francisco,2013-11-29,no
EMP0165,Employee_165,Engineering,86731.795749458,58.0,9,5,San Francisco,2011-05-08,
EMP0318,Employee_318,Engineering,56830.774072728804,33.0,13,4,Austin,2012-08-09,yes
EMP0137,Employee_137,Marketing,71747.52482108306,44.0,19,2,,2011-02-13,no
EMP0198,Employee_198,Operations,130413.85715608792,51.0,6,5,Boston,2011-08-15,N/A
EMP0259,Employee_259,HR,80085.13871828112,36.0,12,5,San Francisco,2012-02-14,Yes
EMP0233,Employee_233,HR,94620.18463473427,53.0,5,4,,2011-11-28,YES
EMP0116,Employee_116,Operations,123188.33280940261,43.0,2,4,San Francisco,2010-12-12,YES
EMP0121,Employee_121,Finance,73152.12151522262,47.0,17,5,Austin,2010-12-27,Yes
EMP0419,Employee_419,Finance,76310.07545135368,56.0,,5,Austin,2013-06-08,No
EMP0225,Employee_225,Sales,98087.31312708116,62.0,,3,New York,2011-11-04,no
EMP0425,Employee_425,Engineering,81262.56711677281,33.0,2,3,Boston,2013-06-26,Yes
EMP0354,Employee_354,Engineering,105287.4013003626,63.0,11,4,Austin,2012-11-25,No
EMP0128,Employee_128,Operations,66848.72675916804,33.0,11,4,,2011-01-17,no
EMP0087,Employee_87,Finance,54696.17875602895,62.0,15,1,Austin,2010-09-16,
EMP0286,Employee_286,Engineering,43532.195351837014,24.0,8,5,Austin,2012-05-05,No
EMP0434,Employee_434,Engineering,106309.60750130702,52.0,15,4,San Francisco,2013-07-23,N/A
EMP0108,Employee_108,Finance,67774.31597343473,25.0,1,4,San Francisco,2010-11-18,Yes
EMP0442,Employee_442,,74542.79945693463,29.0,,3,,2013-08-16,YES
EMP0342,Employee_342,Marketing,91951.63410723342,24.0,8,2,Austin,2012-10-20,
EMP0134,Employee_134,Sales,100027.74246743578,36.0,9,3,Chicago,2011-02-04,Yes
EMP0383,Employee_383,HR,72460.65884424465,31.0,0,5,Austin,2013-02-20,No
EMP0045,Employee_45,Sales,61334.829746684496,48.0,0,4,Chicago,2010-05-13,yes
EMP0487,Employee_487,Engineering,,,19,4,Chicago,2013-12-29,No
EMP0066,Employee_66,Marketing,104102.84641002477,52.0,9,4,Austin,2010-07-15,yes
EMP0284,Employee_284,Engineering,106830.13703844923,43.0,12,4,Boston,2012-04-29,
EMP0086,Employee_86,Sales,38961.5767052883,48.0,10,4,Chicago,2010-09-13,YES
EMP0243,Employee_243,Operations,86114.4982457739,54.0,11,3,Seattle,2011-12-28,YES
EMP0187,Employee_187,Operations,91538.54747528325,29.0,1,3,Austin,2011-07-13,yes
EMP0405,Employee_405,Sales,93592.36438265172,33.0,1,2,Austin,2013-04-27,YES
EMP0160,Employee_160,Finance,69062.09489059047,38.0,6,3,Austin,2011-04-23,No
EMP0013,Employee_13,Operations,82709.20309494765,46.0,,,Boston,2010-02-06,Yes
EMP0036,Employee_36,Finance,120106.81684886408,34.0,18,3,Seattle,2010-04-16,yes
EMP0029,Employee_29,HR,91646.28023959184,47.0,10,4,New York,2010-03-26,no
EMP0171,Employee_171,Finance,75247.87551855014,22.0,2,2,Chicago,2011-05-26,yes
EMP0143,Employee_143,Marketing,90194.45003442964,38.0,9,3,Boston,2011-03-03,
EMP0421,Employee_421,Finance,89442.67543267425,58.0,4,4,Chicago,2013-06-14,Yes
EMP0368,Employee_368,Operations,106072.8359321568,27.0,1,1,Austin,2013-01-06,No
EMP0222,Employee_222,HR,60106.90593377166,46.0,1,2,Chicago,2011-10-26,YES
EMP0096,Employee_96,Marketing,65889.19118799148,51.0,15,3,Seattle,2010-10-13,no
EMP0052,Employee_52,Finance,57397.970835702174,61.0,14,1,New York,2010-06-03,No
EMP0241,Employee_241,Operations,65207.903594828385,61.0,19,4,New York,2011-12-22,Yes
EMP0397,Employee_397,Operations,92603.95702011927,64.0,4,5,Boston,2013-04-03,yes
EMP0352,Employee_352,Operations,104653.81967891028,51.0,3,4,,2012-11-19,
EMP0400,Employee_400,Finance,106615.61451109244,41.0,6,4,Chicago,2013-04-12,no
EMP0179,Employee_179,Operations,109024.27844327889,39.0,14,2,Austin,2011-06-19,no
EMP0042,Employee_42,Marketing,98721.02919996879,61.0,18,4,Austin,2010-05-04,N/A
EMP0496,Employee_496,Sales,,,7,3,,2014-01-25,No
EMP0409,Employee_409,Operations,63378.869191834754,27.0,,3,New York,2013-05-09,yes
EMP0207,Employee_207,Engineering,94579.59651492783,23.0,3,4,Seattle,2011-09-11,
EMP0283,Employee_283,Sales,31980.603832139757,27.0,17,4,Austin,2012-04-26,Yes
EMP0359,Employee_359,Operations,95353.18040938246,26.0,5,5,Seattle,2012-12-10,yes
EMP0255,Employee_255,Engineering,78284.30601419744,23.0,7,3,Boston,2012-02-02,N/A
EMP0435,Employee_435,Engineering,74654.23099799256,64.0,17,2,Chicago,2013-07-26,yes
EMP0005,Employee_5,Engineering,67031.70657303283,55.0,7,3,New York,2010-01-13,N/A
EMP0257,Employee_257,Operations,79808.1729727279,60.0,2,3,Boston,2012-02-08,Yes
EMP0473,Employee_473,Engineering,322388.84778595145,,7,3,,2013-11-17,yes
EMP0101,Employee_101,Engineering,72068.54231514948,55.0,10,4,,2010-10-28,YES
EMP0227,Employee_227,,90599.3725263964,32.0,5,4,Boston,2011-11-10,YES
EMP0450,Employee_450,Engineering,89684.29465073042,43.0,0,4,Seattle,2013-09-09,Yes
EMP0214,Employee_214,Sales,92546.00986089704,42.0,7,3,Boston,2011-10-02,no
EMP0445,Employee_445,Operations,58110.98977931446,29.0,16,3,San Francisco,2013-08-25,yes
EMP0172,Employee_172,Engineering,76348.83624360758,59.0,11,4,New York,2011-05-29,Yes
EMP0099,Employee_99,Engineering,69872.98509431393,62.0,14,3,,2010-10-22,N/A
EMP0293,Employee_293,Operations,103713.56786294922,44.0,19,5,Seattle,2012-05-26,yes
EMP0216,Employee_216,Sales,66556.6935164475,51.0,5,2,,2011-10-08,yes
EMP0062,Employee_62,Sales,66202.40427345289,59.0,2,4,Boston,2010-07-03,N/A
EMP0048,Employee_48,Marketing,99350.84511591925,27.0,14,2,Chicago,2010-05-22,no
EMP0033,Employee_33,Engineering,108585.94368127652,34.0,13,2,San Francisco,2010-04-07,yes
EMP0268,Employee_268,Finance,62869.48182516659,30.0,19,3,Seattle,2012-03-12,N/A
EMP0328,Employee_328,HR,92982.72228704141,45.0,19,4,New York,2012-09-08,yes
EMP0201,Employee_201,HR,75812.78200919511,38.0,3,3,Boston,2011-08-24,Yes
EMP0471,Employee_471,Engineering,308382.22134478856,,7,3,,2013-11-11,no
EMP0028,Employee_28,Marketing,110553.53643797018,26.0,8,3,,2010-03-23,YES
EMP0411,Employee_411,Sales,84208.8969228669,35.0,6,3,Seattle,2013-05-15,YES
EMP0231,Employee_231,Finance,87187.89589209786,38.0,11,4,Boston,2011-11-22,No
EMP0261,Employee_261,HR,31062.267141168566,63.0,7,5,Chicago,2012-02-20,yes
EMP0379,Employee_379,Operations,107985.46652571352,57.0,18,4,New York,2013-02-08,N/A
EMP0289,Employee_289,Sales,56849.766105643575,35.0,8,4,,2012-05-14,YES
EMP0163,Employee_163,HR,92422.91746742617,42.0,18,3,Seattle,2011-05-02,yes
EMP0392,Employee_392,Marketing,80049.6272889699,62.0,19,3,Chicago,2013-03-19,YES
EMP0448,Employee_448,Finance,69644.04869791743,59.0,8,5,,2013-09-03,Yes
EMP0139,Employee_139,Sales,69734.81686914967,55.0,6,4,Chicago,2011-02-19,yes
EMP0063,Employee_63,Operations,74722.66165326613,28.0,7,3,San Francisco,2010-07-06,N/A
EMP0136,Employee_136,Sales,95867.2038475987,32.0,3,2,New York,2011-02-10,YES
EMP0129,Employee_129,Engineering,73464.57338863335,28.0,9,4,Austin,2011-01-20,no
EMP0135,Employee_135,Operations,51611.894377572564,53.0,9,3,Chicago,2011-02-07,no
EMP0009,Employee_9,HR,108588.80241442574,49.0,0,4,Boston,2010-01-25,Yes
EMP0327,Employee_327,HR,74101.618263821,41.0,13,4,San Francisco,2012-09-05,Yes
EMP0491,Employee_491,Marketing,,,18,3,Seattle,2014-01-10,no
EMP0065,Employee_65,Sales,83746.41805453657,64.0,13,4,San Francisco,2010-07-12,YES
EMP0301,Employee_301,Engineering,80193.4920368373,53.0,19,2,Seattle,2012-06-19,YES
EMP0015,Employee_15,Engineering,53111.44682411266,33.0,4,3,Boston,2010-02-12,YES
EMP0157,Employee_157,Finance,95596.08355830566,32.0,17,5,,2011-04-14,Yes
EMP0041,Employee_41,Engineering,65701.53078839791,24.0,8,3,Boston,2010-05-01,No
EMP0380,Employee_380,Sales,70936.47149748226,44.0,6,2,Seattle,2013-02-11,Yes
EMP0485,Employee_485,HR,,,3,3,Chicago,2013-12-23,N/A
EMP0426,Employee_426,Marketing,76205.37883451651,63.0,16,4,Boston,2013-06-29,yes
EMP0217,Employee_217,Sales,102392.1184021132,39.0,8,4,Seattle,2011-10-11,Yes
EMP0410,Employee_410,Engineering,106063.05706665808,41.0,9,1,San Francisco,2013-05-12,no
EMP0280,Employee_280,Finance,87128.60455383794,41.0,13,3,Seattle,2012-04-17,Yes
EMP0309,Employee_309,Finance,96862.02515936768,62.0,12,3,Chicago,2012-07-13,
EMP0455,Employee_455,Engineering,347526.81451737834,31.0,17,3,,2013-09-24,no
EMP0338,Employee_338,Finance,99865.2818804543,27.0,13,4,,2012-10-08,yes
EMP0237,Employee_237,Sales,122640.48992950068,49.0,5,3,San Francisco,2011-12-10,no
EMP0208,Employee_208,HR,91673.24210573896,45.0,7,5,Chicago,2011-09-14,no
EMP0213,Employee_213,HR,76114.13479847777,29.0,8,,Boston,2011-09-29,N/A
EMP0296,Employee_296,Marketing,62418.96457565542,46.0,5,2,Chicago,2012-06-04,No
EMP0482,Employee_482,Finance,,,,2,San Francisco,2013-12-14,no
EMP0252,Employee_252,Sales,86466.35934376808,47.0,16,2,New York,2012-01-24,yes
EMP0336,Employee_336,Engineering,50796.63214686749,55.0,13,3,,2012-10-02,Yes
EMP0483,Employee_483,Marketing,,,7,1,Seattle,2013-12-17,N/A
EMP0304,Employee_304,HR,93885.2662297208,39.0,14,2,Seattle,2012-06-28,
EMP0351,Employee_351,Marketing,90120.59468627752,57.0,14,,Austin,2012-11-16,N/A
EMP0270,Employee_270,Sales,86184.36868028977,52.0,17,4,San Francisco,2012-03-18,no
EMP0202,Employee_202,Engineering,68003.11261070416,41.0,5,3,San Francisco,2011-08-27,N/A
EMP0162,Employee_162,HR,80939.09227914014,50.0,17,3,New York,2011-04-29,Yes
EMP0044,Employee_44,Operations,49825.21027153771,61.0,10,5,Chicago,2010-05-10,YES
EMP0218,Employee_218,Finance,112112.75717609902,52.0,6,3,Chicago,2011-10-14,yes
EMP0402,Employee_402,Operations,94183.60158456874,64.0,6,5,,2013-04-18,N/A
EMP0191,Employee_191,Engineering,89712.29116217131,24.0,17,4,Seattle,2011-07-25,yes
EMP0310,Employee_310,Sales,78809.07121372019,24.0,2,,Chicago,2012-07-16,
EMP0260,Employee_260,Engineering,79545.5286050466,55.0,18,5,Austin,2012-02-17,No
EMP0106,Employee_106,Sales,114598.88277780052,50.0,12,4,Seattle,2010-11-12,N/A
EMP0054,Employee_54,Operations,83889.04602206762,54.0,18,2,San Francisco,2010-06-09,No
EMP0390,Employee_390,Finance,53595.50560219087,33.0,6,4,Austin,2013-03-13,No
EMP0002,Employee_2,,122523.41678431773,25.0,7,3,,2010-01-04,No
EMP0466,Employee_466,Sales,322226.14404198725,,18,3,Boston,2013-10-27,
EMP0101,Employee_101,Engineering,72068.54231514948,55.0,10,4,,2010-10-28,YES
EMP0050,Employee_50,Engineering,86481.8956083955,40.0,11,,Austin,2010-05-28,YES
EMP0420,Employee_420,Finance,78816.55753062721,27.0,17,4,Seattle,2013-06-11,yes
EMP0081,Employee_81,Operations,97283.3340008685,33.0,4,4,Seattle,2010-08-29,yes
EMP0206,Employee_206,Engineering,75446.85106469766,43.0,13,,,2011-09-08,Yes
EMP0035,Employee_35,,126214.95849763975,26.0,5,4,Chicago,2010-04-13,Yes
EMP0431,Employee_431,Engineering,90341.00531738518,46.0,3,3,New York,2013-07-14,yes
EMP0264,Employee_264,Marketing,98924.12729626837,24.0,7,,New York,2012-02-29,yes
EMP0428,Employee_428,Operations,88931.0955302315,45.0,,4,Austin,2013-07-05,no
EMP0499,Employee_499,,,,14,4,,2014-02-03,YES
EMP0367,Employee_367,,65482.53494045335,60.0,9,2,Austin,2013-01-03,YES
EMP0092,Employee_92,Finance,91225.00309087073,45.0,10,,,2010-10-01,N/A
EMP0340,Employee_340,Engineering,81320.33327294642,63.0,2,2,,2012-10-14,yes
EMP0211,Employee_211,Marketing,79602.50129413257,34.0,3,3,New York,2011-09-23,no
EMP0053,Employee_53,Operations,50932.35121289691,49.0,,2,,2010-06-06,N/A
EMP0346,Employee_346,HR,65432.54444769936,36.0,1,4,Boston,2012-11-01,YES
EMP0265,Employee_265,Operations,121979.1218989069,27.0,11,4,Austin,2012-03-03,YES
EMP0242,Employee_242,,82484.26159800704,53.0,7,3,Boston,2011-12-25,N/A
EMP0014,Employee_14,Engineering,109756.32623946923,55.0,15,4,New York,2010-02-09,No
EMP0316,Employee_316,Finance,105980.18451673779,54.0,6,2,Chicago,2012-08-03,N/A
EMP0089,Employee_89,Operations,117899.35427002568,61.0,13,1,New York,2010-09-22,no
EMP0388,Employee_388,Engineering,104451.0889925346,50.0,16,3,Seattle,2013-03-07,Yes
EMP0274,Employee_274,Operations,82112.79176152115,29.0,,5,Boston,2012-03-30,Yes
EMP0167,Employee_167,Sales,108355.64123319615,27.0,17,5,Chicago,2011-05-14,no
EMP0329,Employee_329,Marketing,84247.30595150303,53.0,17,3,Austin,2012-09-11,YES
EMP0026,Employee_26,Finance,62507.15816324262,59.0,,3,Boston,2010-03-17,no
EMP0135,Employee_135,Operations,51611.894377572564,53.0,9,3,Chicago,2011-02-07,no
EMP0307,Employee_307,Marketing,63378.73344800205,58.0,5,3,Austin,2012-07-07,
EMP0464,Employee_464,HR,323450.1522499091,999.0,16,4,Boston,2013-10-21,Yes
EMP0320,Employee_320,Sales,97120.1990269128,42.0,14,4,Seattle,2012-08-15,
EMP0244,Employee_244,Sales,106883.83036941897,23.0,3,4,,2011-12-31,no
EMP0055,Employee_55,HR,92681.30897878614,62.0,0,4,,2010-06-12,YES
EMP0364,Employee_364,Marketing,56866.778063035556,46.0,4,4,Seattle,2012-12-25,Yes
EMP0051,Employee_51,,117572.31091142584,37.0,6,5,,2010-05-31,Yes
EMP0481,Employee_481,HR,,,19,1,Chicago,2013-12-11,YES
EMP0175,Employee_175,HR,90795.49713792827,56.0,,4,Boston,2011-06-07,no
EMP0446,Employee_446,Operations,66626.96107031603,50.0,8,4,,2013-08-28,No
EMP0190,Employee_190,Sales,40777.2938198423,28.0,,3,San Francisco,2011-07-22,No
EMP0333,Employee_333,Engineering,77727.75575572289,57.0,3,3,San Francisco,2012-09-23,no
EMP0464,Employee_464,HR,323450.1522499091,999.0,16,4,Boston,2013-10-21,Yes
EMP0188,Employee_188,HR,80617.98942382271,36.0,2,5,San Francisco,2011-07-16,
EMP0476,Employee_476,,,,12,4,San Francisco,2013-11-26,yes
EMP0170,Employee_170,HR,76762.46067755065,24.0,16,2,,2011-05-23,YES
EMP0059,Employee_59,Engineering,58910.609989902936,63.0,11,5,San Francisco,2010-06-24,Yes
EMP0475,Employee_475,Marketing,360146.151042565,,0,2,Seattle,2013-11-23,YES
EMP0049,Employee_49,Marketing,115047.14104192056,45.0,0,4,San Francisco,2010-05-25,yes
EMP0345,Employee_345,Sales,88916.90510195363,42.0,,4,Chicago,2012-10-29,yes
EMP0236,Employee_236,Finance,94429.36714271992,43.0,1,3,San Francisco,2011-12-07,N/A
EMP0253,Employee_253,Operations,59200.782005178924,43.0,15,3,Chicago,2012-01-27,No
EMP0022,Employee_22,Engineering,82152.41029957413,32.0,8,2,Austin,2010-03-05,No
EMP0314,Employee_314,,81301.95727114021,50.0,2,5,,2012-07-28,
EMP0460,Employee_460,Engineering,374622.5632004074,29.0,7,,New York,2013-10-09,Yes
EMP0161,Employee_161,Sales,96541.4425436108,49.0,9,5,New York,2011-04-26,yes
EMP0277,Employee_277,Finance,84344.93459568004,41.0,5,,New York,2012-04-08,
EMP0444,Employee_444,Sales,79364.30782278985,22.0,12,3,Chicago,2013-08-22,YES
EMP0192,Employee_192,Operations,100417.30387773934,50.0,2,3,Austin,2011-07-28,N/A
EMP0386,Employee_386,Finance,73750.66448211465,37.0,6,,New York,2013-03-01,
EMP0294,Employee_294,Sales,110431.10189988317,33.0,3,3,Austin,2012-05-29,
EMP0414,Employee_414,HR,85595.12278991491,58.0,12,3,Seattle,2013-05-24,no
EMP0492,Employee_492,HR,,,18,2,,2014-01-13,N/A
EMP0344,Employee_344,Marketing,69433.90549195374,61.0,12,3,New York,2012-10-26,no
EMP0258,Employee_258,Finance,54937.14093763787,47.0,15,2,,2012-02-11,No
EMP0309,Employee_309,Finance,96862.02515936768,62.0,12,3,Chicago,2012-07-13,
EMP0150,Employee_150,Sales,85947.97342632827,50.0,9,4,San Francisco,2011-03-24,No
EMP0131,Employee_131,Marketing,95018.34375248762,32.0,12,3,Austin,2011-01-26,no
EMP0152,Employee_152,Sales,77308.8891154035,53.0,7,2,San Francisco,2011-03-30,YES
EMP0360,Employee_360,HR,70485.12373693069,59.0,10,2,Boston,2012-12-13,YES
EMP0100,Employee_100,Engineering,56554.925808046515,53.0,3,3,New York,2010-10-25,Yes
EMP0373,Employee_373,Engineering,67832.84439637573,56.0,18,4,Boston,2013-01-21,
EMP0088,Employee_88,HR,112337.48534889049,38.0,5,4,Austin,2010-09-19,N/A
EMP0459,Employee_459,Engineering,358322.6104106528,47.0,1,4,New York,2013-10-06,yes
EMP0331,Employee_331,Sales,87284.55297324079,57.0,1,5,Seattle,2012-09-17,yes
EMP0215,Employee_215,Finance,100139.77233290704,39.0,0,4,Austin,2011-10-05,N/A
EMP0467,Employee_467,Sales,318130.64363467414,,4,3,Austin,2013-10-30,No
EMP0122,Employee_122,Operations,67720.18460640368,39.0,1,3,Austin,2010-12-30,N/A
EMP0021,Employee_21,HR,63647.59141234811,26.0,0,4,New York,2010-03-02,N/A
EMP0072,Employee_72,Engineering,64295.153551612515,51.0,7,1,Austin,2010-08-02,Yes
EMP0107,Employee_107,Marketing,86547.36615295237,43.0,18,1,Austin,2010-11-15,No
EMP0271,Employee_271,Finance,85278.58583825892,53.0,7,3,Austin,2012-03-21,yes
EMP0436,Employee_436,Finance,113186.9488037116,44.0,7,2,Seattle,2013-07-29,No
EMP0103,Employee_103,Sales,118742.83270145129,36.0,14,4,Seattle,2010-11-03,YES
